DATE,YEAR,MONTH,WEEK,SEASON,SNOW_WC,SNOW_MELT,SNOW_PACK,TEMP_MAX,TEMP_MIN,TEMP_AVERAGE
2020-12-21,2021,Dec,1,Winter,4.6,0.0,0.0,56,22,39
2020-12-22,2021,Dec,1,Winter,4.2,0.4,0.0,48,26,37
2020-12-23,2021,Dec,1,Winter,4.2,0.0,0.0,41,18,29.5
2020-12-24,2021,Dec,1,Winter,4.2,0.0,0.0,42,18,30
2020-12-25,2021,Dec,1,Winter,4.2,0.0,0.0,54,22,38
2020-12-26,2021,Dec,1,Winter,4.5,0.0,0.3,47,26,36.5
2020-12-27,2021,Dec,1,Winter,4.8,0.0,0.3,39,23,31
2020-12-28,2021,Dec,2,Winter,4.9,0.0,0.1,40,27,33.5
2020-12-29,2021,Dec,2,Winter,4.9,0.0,0.0,44,18,31
2020-12-30,2021,Dec,2,Winter,4.9,0.0,0.0,52,21,36.5
2020-12-31,2021,Dec,2,Winter,5.3,0.0,0.4,44,25,34.5
2021-01-01,2021,Jan,2,Winter,5.3,0.0,0.0,43,21,32
2021-01-02,2021,Jan,2,Winter,5.3,0.0,0.0,52,25,38.5
2021-01-03,2021,Jan,2,Winter,5.3,0.0,0.0,54,38,46
2021-01-04,2021,Jan,3,Winter,5.3,0.0,0.0,56,35,45.5
2021-01-05,2021,Jan,3,Winter,6.0,0.0,0.7,49,24,36.5
2021-01-06,2021,Jan,3,Winter,6.0,0.0,0.0,54,24,39
2021-01-07,2021,Jan,3,Winter,6.1,0.0,0.1,48,21,34.5
2021-01-08,2021,Jan,3,Winter,6.1,0.0,0.0,55,28,41.5
2021-01-09,2021,Jan,3,Winter,6.0,0.1,0.0,45,19,32
2021-01-10,2021,Jan,3,Winter,6.0,0.0,0.0,48,22,35
2021-01-11,2021,Jan,4,Winter,5.9,0.1,0.0,50,24,37
2021-01-12,2021,Jan,4,Winter,5.9,0.0,0.0,58,31,44.5
2021-01-13,2021,Jan,4,Winter,5.9,0.0,0.0,63,35,49
2021-01-14,2021,Jan,4,Winter,6.1,0.0,0.2,59,27,43
2021-01-15,2021,Jan,4,Winter,6.0,0.1,0.0,60,28,44
2021-01-16,2021,Jan,4,Winter,6.2,0.0,0.2,59,28,43.5
2021-01-17,2021,Jan,4,Winter,6.1,0.1,0.0,60,28,44
2021-01-18,2021,Jan,5,Winter,6.1,0.0,0.0,52,31,41.5
2021-01-19,2021,Jan,5,Winter,6.1,0.0,0.0,43,29,36
2021-01-20,2021,Jan,5,Winter,6.2,0.0,0.1,51,21,36
2021-01-21,2021,Jan,5,Winter,5.9,0.3,0.0,52,20,36
2021-01-22,2021,Jan,5,Winter,5.8,0.1,0.0,49,31,40
2021-01-23,2021,Jan,5,Winter,5.6,0.2,0.0,39,28,33.5
2021-01-24,2021,Jan,5,Winter,6.0,0.0,0.4,44,22,33
2021-01-25,2021,Jan,6,Winter,6.0,0.0,0.0,31,25,28
2021-01-26,2021,Jan,6,Winter,6.2,0.0,0.2,37,16,26.5
2021-01-27,2021,Jan,6,Winter,7.0,0.0,0.8,40,32,36
2021-01-28,2021,Jan,6,Winter,8.5,0.0,1.5,38,32,35
2021-01-29,2021,Jan,6,Winter,9.6,0.0,1.1,40,29,34.5
2021-01-30,2021,Jan,6,Winter,9.6,0.0,0.0,43,24,33.5
2021-01-31,2021,Jan,6,Winter,9.7,0.0,0.1,47,26,36.5
2021-02-01,2021,Feb,7,Winter,9.8,0.0,0.1,58,28,43
2021-02-02,2021,Feb,7,Winter,10.0,0.0,0.2,57,40,48.5
2021-02-03,2021,Feb,7,Winter,10.5,0.0,0.5,44,32,38
2021-02-04,2021,Feb,7,Winter,10.4,0.1,0.0,46,24,35
2021-02-05,2021,Feb,7,Winter,10.4,0.0,0.0,56,22,39
2021-02-06,2021,Feb,7,Winter,10.4,0.0,0.0,58,22,40
2021-02-07,2021,Feb,7,Winter,10.4,0.0,0.0,60,22,41
2021-02-08,2021,Feb,8,Winter,10.5,0.0,0.1,58,25,41.5
2021-02-09,2021,Feb,8,Winter,10.5,0.0,0.0,52,39,45.5
2021-02-10,2021,Feb,8,Winter,10.7,0.0,0.2,59,37,48
2021-02-11,2021,Feb,8,Winter,10.7,0.0,0.0,55,34,44.5
2021-02-12,2021,Feb,8,Winter,11.3,0.0,0.6,57,31,44
2021-02-13,2021,Feb,8,Winter,11.6,0.0,0.3,49,36,42.5
2021-02-14,2021,Feb,8,Winter,12.0,0.0,0.4,47,32,39.5
2021-02-15,2021,Feb,9,Winter,12.0,0.0,0.0,54,39,46.5
2021-02-16,2021,Feb,9,Winter,12.0,0.0,0.0,47,30,38.5
2021-02-17,2021,Feb,9,Winter,12.0,0.0,0.0,42,24,33
2021-02-18,2021,Feb,9,Winter,12.0,0.0,0.0,41,20,30.5
2021-02-19,2021,Feb,9,Winter,12.1,0.0,0.1,60,34,47
2021-02-20,2021,Feb,9,Winter,12.3,0.0,0.2,44,29,36.5
2021-02-21,2021,Feb,9,Winter,12.4,0.0,0.1,51,23,37
2021-02-22,2021,Feb,10,Winter,12.5,0.0,0.1,61,25,43
2021-02-23,2021,Feb,10,Winter,12.5,0.0,0.0,60,29,44.5
2021-02-24,2021,Feb,10,Winter,12.5,0.0,0.0,43,22,32.5
2021-02-25,2021,Feb,10,Winter,12.5,0.0,0.0,51,21,36
2021-02-26,2021,Feb,10,Winter,12.4,0.1,0.0,57,23,40
2021-02-27,2021,Feb,10,Winter,12.4,0.0,0.0,45,22,33.5
2021-02-28,2021,Feb,10,Winter,12.3,0.1,0.0,51,22,36.5
2021-03-01,2021,Mar,11,Winter,12.2,0.1,0.0,61,23,42
2021-03-02,2021,Mar,11,Winter,12.3,0.0,0.1,59,26,42.5
2021-03-03,2021,Mar,11,Winter,12.2,0.1,0.0,56,28,42
2021-03-04,2021,Mar,11,Winter,12.2,0.0,0.0,63,27,45
2021-03-05,2021,Mar,11,Winter,12.2,0.0,0.0,68,27,47.5
2021-03-06,2021,Mar,11,Winter,12.4,0.0,0.2,54,36,45
2021-03-07,2021,Mar,11,Winter,13.0,0.0,0.6,62,27,44.5
2021-03-08,2021,Mar,12,Winter,13.1,0.0,0.1,51,33,42
2021-03-09,2021,Mar,12,Winter,13.0,0.1,0.0,46,28,37
2021-03-10,2021,Mar,12,Winter,13.1,0.0,0.1,42,28,35
2021-03-11,2021,Mar,12,Winter,13.2,0.0,0.1,43,26,34.5
2021-03-12,2021,Mar,12,Winter,13.5,0.0,0.3,52,31,41.5
2021-03-13,2021,Mar,12,Winter,13.5,0.0,0.0,60,24,42
2021-03-14,2021,Mar,12,Winter,13.6,0.0,0.1,60,29,44.5
2021-03-15,2021,Mar,13,Winter,13.6,0.0,0.0,43,32,37.5
2021-03-16,2021,Mar,13,Winter,13.7,0.0,0.1,58,34,46
2021-03-17,2021,Mar,13,Winter,13.7,0.0,0.0,55,27,41
2021-03-18,2021,Mar,13,Winter,13.7,0.0,0.0,64,43,53.5
2021-03-19,2021,Mar,13,Winter,14.2,0.0,0.5,60,42,51
2021-03-20,2021,Mar,13,Winter,14.3,0.0,0.1,50,34,42
2021-03-21,2021,Mar,13,Winter,14.3,0.0,0,53,25,39
2021-12-21,2022,Dec,14,Winter,7.7,6.5,0.0,43,25,34
2021-12-22,2022,Dec,14,Winter,7.8,0.0,0.1,53,27,40
2021-12-23,2022,Dec,14,Winter,8.7,0.0,0.9,44,33,38.5
2021-12-24,2022,Dec,14,Winter,11.2,0.0,2.5,49,34,41.5
2021-12-25,2022,Dec,14,Winter,12.1,0.0,0.9,41,28,34.5
2021-12-26,2022,Dec,14,Winter,13.8,0.0,1.7,37,25,31
2021-12-27,2022,Dec,14,Winter,15.0,0.0,1.2,38,28,33
2021-12-28,2022,Dec,15,Winter,15.7,0.0,0.7,34,26,30
2021-12-29,2022,Dec,15,Winter,15.9,0.0,0.2,33,27,30
2021-12-30,2022,Dec,15,Winter,16.0,0.0,0.1,46,28,37
2021-12-31,2022,Dec,15,Winter,16.0,0.0,0.0,39,23,31
2022-01-01,2022,Jan,15,Winter,15.8,0.2,0.0,35,15,25
2022-01-02,2022,Jan,15,Winter,15.8,0.0,0.0,38,17,27.5
2022-01-03,2022,Jan,15,Winter,15.7,0.1,0.0,49,22,35.5
2022-01-04,2022,Jan,16,Winter,15.5,0.2,0.0,53,44,48.5
2022-01-05,2022,Jan,16,Winter,15.4,0.1,0.0,58,39,48.5
2022-01-06,2022,Jan,16,Winter,15.5,0.0,0.1,60,30,45
2022-01-07,2022,Jan,16,Winter,15.4,0.1,0.0,53,35,44
2022-01-08,2022,Jan,16,Winter,15.4,0.0,0.0,49,26,37.5
2022-01-09,2022,Jan,16,Winter,15.3,0.1,0.0,48,25,36.5
2022-01-10,2022,Jan,16,Winter,15.3,0.0,0.0,47,24,35.5
2022-01-11,2022,Jan,17,Winter,15.4,0.0,0.1,49,24,36.5
2022-01-12,2022,Jan,17,Winter,15.4,0.0,0.0,57,24,40.5
2022-01-13,2022,Jan,17,Winter,15.4,0.0,0.0,64,29,46.5
2022-01-14,2022,Jan,17,Winter,15.4,0.0,0.0,50,25,37.5
2022-01-15,2022,Jan,17,Winter,15.3,0.1,0.0,48,27,37.5
2022-01-16,2022,Jan,17,Winter,15.3,0.0,0.0,50,25,37.5
2022-01-17,2022,Jan,17,Winter,15.2,0.1,0.0,52,24,38
2022-01-18,2022,Jan,18,Winter,15.2,0.0,0.0,55,25,40
2022-01-19,2022,Jan,18,Winter,15.2,0.0,0.0,53,25,39
2022-01-20,2022,Jan,18,Winter,15.2,0.0,0.0,55,25,40
2022-01-21,2022,Jan,18,Winter,15.2,0.0,0.0,47,27,37
2022-01-22,2022,Jan,18,Winter,15.1,0.1,0.0,47,25,36
2022-01-23,2022,Jan,18,Winter,15.2,0.0,0.1,52,22,37
2022-01-24,2022,Jan,18,Winter,15.2,0.0,0.0,54,21,37.5
2022-01-25,2022,Jan,19,Winter,15.1,0.1,0.0,48,22,35
2022-01-26,2022,Jan,19,Winter,15.1,0.0,0.0,50,20,35
2022-01-27,2022,Jan,19,Winter,15.1,0.0,0.0,50,20,35
2022-01-28,2022,Jan,19,Winter,15.1,0.0,0.0,50,21,35.5
2022-01-29,2022,Jan,19,Winter,15.1,0.0,0.0,51,20,35.5
2022-01-30,2022,Jan,19,Winter,15.1,0.0,0.0,55,19,37
2022-01-31,2022,Jan,19,Winter,15.3,0.0,0.2,54,26,40
2022-02-01,2022,Feb,20,Winter,15.2,0.1,0.0,41,22,31.5
2022-02-02,2022,Feb,20,Winter,15.2,0.0,0.0,40,17,28.5
2022-02-03,2022,Feb,20,Winter,15.3,0.0,0.1,49,20,34.5
2022-02-04,2022,Feb,20,Winter,15.3,0.0,0.0,52,21,36.5
2022-02-05,2022,Feb,20,Winter,15.4,0.0,0.1,56,25,40.5
2022-02-06,2022,Feb,20,Winter,15.4,0.0,0.0,56,22,39
2022-02-07,2022,Feb,20,Winter,15.4,0.0,0.0,60,23,41.5
2022-02-08,2022,Feb,21,Winter,15.4,0.0,0.0,62,25,43.5
2022-02-09,2022,Feb,21,Winter,15.4,0.0,0.0,62,26,44
2022-02-10,2022,Feb,21,Winter,15.4,0.0,0.0,65,29,47
2022-02-11,2022,Feb,21,Winter,15.3,0.1,0.0,67,28,47.5
2022-02-12,2022,Feb,21,Winter,15.3,0.0,0.0,66,27,46.5
2022-02-13,2022,Feb,21,Winter,15.3,0.0,0.0,70,27,48.5
2022-02-14,2022,Feb,21,Winter,15.2,0.1,0.0,67,31,49
2022-02-15,2022,Feb,22,Winter,15.5,0.0,0.3,44,28,36
2022-02-16,2022,Feb,22,Winter,15.7,0.0,0.2,49,21,35
2022-02-17,2022,Feb,22,Winter,15.7,0.0,0.0,53,23,38
2022-02-18,2022,Feb,22,Winter,15.7,0.0,0.0,61,24,42.5
2022-02-19,2022,Feb,22,Winter,15.7,0.0,0.0,65,24,44.5
2022-02-20,2022,Feb,22,Winter,15.6,0.1,0.0,60,29,44.5
2022-02-21,2022,Feb,22,Winter,15.6,0.0,0.0,37,25,31
2022-02-22,2022,Feb,23,Winter,16.2,0.0,0.6,34,22,28
2022-02-23,2022,Feb,23,Winter,16.6,0.0,0.4,31,19,25
2022-02-24,2022,Feb,23,Winter,16.6,0.0,0.0,44,13,28.5
2022-02-25,2022,Feb,23,Winter,16.6,0.0,0.0,43,20,31.5
2022-02-26,2022,Feb,23,Winter,16.6,0.0,0.0,49,20,34.5
2022-02-27,2022,Feb,23,Winter,16.7,0.0,0.1,61,32,46.5
2022-02-28,2022,Feb,23,Winter,16.6,0.1,0.0,70,29,49.5
2022-03-01,2022,Mar,24,Winter,16.6,0.0,0.0,72,34,53
2022-03-02,2022,Mar,24,Winter,16.3,0.3,0.0,73,36,54.5
2022-03-03,2022,Mar,24,Winter,16.4,0.0,0.1,66,37,51.5
2022-03-04,2022,Mar,24,Winter,16.0,0.4,0.0,57,32,44.5
2022-03-05,2022,Mar,24,Winter,16.6,0.0,0.6,39,29,34
2022-03-06,2022,Mar,24,Winter,16.6,0.0,0.0,47,25,36
2022-03-07,2022,Mar,24,Winter,16.6,0.0,0.0,49,23,36
2022-03-08,2022,Mar,25,Winter,16.8,0.0,0.2,57,25,41
2022-03-09,2022,Mar,25,Winter,17.1,0.0,0.3,57,31,44
2022-03-10,2022,Mar,25,Winter,17.4,0.0,0.3,44,25,34.5
2022-03-11,2022,Mar,25,Winter,17.9,0.0,0.5,60,23,41.5
2022-03-12,2022,Mar,25,Winter,18.0,0.0,0.1,66,28,47
2022-03-13,2022,Mar,25,Winter,17.1,0.9,0.0,55,39,47
2022-03-14,2022,Mar,25,Winter,17.8,0.0,0.7,66,32,49
2022-03-15,2022,Mar,26,Winter,17.9,0.0,0.1,60,44,52
2022-03-16,2022,Mar,26,Winter,18.5,0.0,0.6,60,34,47
2022-03-17,2022,Mar,26,Winter,18.6,0.0,0.1,59,33,46
2022-03-18,2022,Mar,26,Winter,18.5,0.1,0.0,68,31,49.5
2022-03-19,2022,Mar,26,Winter,18.2,0.3,0.0,54,40,47
2022-03-20,2022,Mar,26,Winter,18.3,0.0,0.1,56,33,44.5
2022-03-21,2022,Mar,26,Winter,18.5,0.0,0.2,66,31,48.5
2022-12-21,2023,Dec,27,Winter,9.4,8.9,0.0,54,26,40
2022-12-22,2023,Dec,27,Winter,9.4,0.0,0.0,45,29,37
2022-12-23,2023,Dec,27,Winter,9.4,0.0,0.0,56,30,43
2022-12-24,2023,Dec,27,Winter,9.4,0.0,0.0,55,26,40.5
2022-12-25,2023,Dec,27,Winter,9.4,0.0,0.0,56,29,42.5
2022-12-26,2023,Dec,27,Winter,9.4,0.0,0.0,59,35,47
2022-12-27,2023,Dec,27,Winter,10.1,0.0,0.7,53,39,46
2022-12-28,2023,Dec,28,Winter,11.3,0.0,1.2,47,29,38
2022-12-29,2023,Dec,28,Winter,11.4,0.0,0.1,45,31,38
2022-12-30,2023,Dec,28,Winter,11.4,0.0,0.0,60,38,49
2022-12-31,2023,Dec,28,Winter,12.8,0.0,1.4,48,33,40.5
2023-01-01,2023,Jan,28,Winter,16.9,0.0,4.1,36,21,28.5
2023-01-02,2023,Jan,28,Winter,16.9,0.0,0.0,28,15,21.5
2023-01-03,2023,Jan,28,Winter,17.1,0.0,0.2,34,14,24
2023-01-04,2023,Jan,29,Winter,17.1,0.0,0.0,38,17,27.5
2023-01-05,2023,Jan,29,Winter,17.7,0.0,0.6,44,33,38.5
2023-01-06,2023,Jan,29,Winter,18.0,0.0,0.3,43,25,34
2023-01-07,2023,Jan,29,Winter,18.0,0.0,0.0,45,25,35
2023-01-08,2023,Jan,29,Winter,18.1,0.0,0.1,47,34,40.5
2023-01-09,2023,Jan,29,Winter,18.8,0.0,0.7,46,32,39
2023-01-10,2023,Jan,29,Winter,20.1,0.0,1.3,42,30,36
2023-01-11,2023,Jan,30,Winter,21.7,0.0,1.6,41,30,35.5
2023-01-12,2023,Jan,30,Winter,21.8,0.0,0.1,50,33,41.5
2023-01-13,2023,Jan,30,Winter,21.9,0.0,0.1,56,31,43.5
2023-01-14,2023,Jan,30,Winter,22.7,0.0,0.8,45,35,40
2023-01-15,2023,Jan,30,Winter,23.9,0.0,1.2,43,30,36.5
2023-01-16,2023,Jan,30,Winter,24.1,0.0,0.2,36,30,33
2023-01-17,2023,Jan,30,Winter,25.3,0.0,1.2,36,19,27.5
2023-01-18,2023,Jan,31,Winter,25.3,0.0,0.0,39,15,27
2023-01-19,2023,Jan,31,Winter,25.8,0.0,0.5,35,17,26
2023-01-20,2023,Jan,31,Winter,25.7,0.1,0.0,36,12,24
2023-01-21,2023,Jan,31,Winter,25.6,0.1,0.0,38,13,25.5
2023-01-22,2023,Jan,31,Winter,25.5,0.1,0.0,36,20,28
2023-01-23,2023,Jan,31,Winter,25.4,0.1,0.0,37,21,29
2023-01-24,2023,Jan,31,Winter,25.4,0.0,0.0,43,17,30
2023-01-25,2023,Jan,32,Winter,25.5,0.0,0.1,45,20,32.5
2023-01-26,2023,Jan,32,Winter,25.6,0.0,0.1,48,23,35.5
2023-01-27,2023,Jan,32,Winter,25.7,0.0,0.1,50,22,36
2023-01-28,2023,Jan,32,Winter,25.7,0.0,0.0,48,23,35.5
2023-01-29,2023,Jan,32,Winter,25.7,0.0,0.0,32,13,22.5
2023-01-30,2023,Jan,32,Winter,26.1,0.0,0.4,27,4,15.5
2023-01-31,2023,Jan,32,Winter,26.0,0.1,0.0,31,4,17.5
2023-02-01,2023,Feb,33,Winter,26.1,0.0,0.1,41,11,26
2023-02-02,2023,Feb,33,Winter,26.0,0.1,0.0,47,17,32
2023-02-03,2023,Feb,33,Winter,25.9,0.1,0.0,52,25,38.5
2023-02-04,2023,Feb,33,Winter,27.1,10.8,0.0,54,27,40.5
2023-02-05,2023,Feb,33,Winter,27.1,0.0,0.0,42,30,36
2023-02-06,2023,Feb,33,Winter,27.1,0.0,0.0,46,28,37
2023-02-07,2023,Feb,33,Winter,27.2,0.0,12.1,49,24,36.5
2023-02-08,2023,Feb,34,Winter,27.1,0.1,0.0,58,26,42
2023-02-09,2023,Feb,34,Winter,27.1,0.0,0.0,54,26,40
2023-02-10,2023,Feb,34,Winter,27.0,0.1,0.0,63,24,43.5
2023-02-11,2023,Feb,34,Winter,27.0,0.0,0.0,49,31,40
2023-02-12,2023,Feb,34,Winter,27.2,0.0,0.2,52,28,40
2023-02-13,2023,Feb,34,Winter,27.1,0.1,0.0,63,25,44
2023-02-14,2023,Feb,34,Winter,27.0,0.1,0.0,36,24,30
2023-02-15,2023,Feb,35,Winter,27.0,0.0,0.0,41,22,31.5
2023-02-16,2023,Feb,35,Winter,26.9,0.1,0.0,44,19,31.5
2023-02-17,2023,Feb,35,Winter,27.0,0.0,0.1,48,24,36
2023-02-18,2023,Feb,35,Winter,26.9,0.1,0.0,50,21,35.5
2023-02-19,2023,Feb,35,Winter,26.9,0.0,0.0,54,24,39
2023-02-20,2023,Feb,35,Winter,26.9,0.0,0.0,62,28,45
2023-02-21,2023,Feb,35,Winter,27.0,0.0,0.1,54,27,40.5
2023-02-22,2023,Feb,36,Winter,27.2,0.0,0.2,35,22,28.5
2023-02-23,2023,Feb,36,Winter,27.5,0.0,0.3,32,20,26
2023-02-24,2023,Feb,36,Winter,28.2,0.0,0.7,31,25,28
2023-02-25,2023,Feb,36,Winter,29.6,0.0,1.4,41,31,36
2023-02-26,2023,Feb,36,Winter,30.0,0.0,0.4,46,31,38.5
2023-02-27,2023,Feb,36,Winter,30.7,0.0,0.7,40,26,33
2023-02-28,2023,Feb,36,Winter,31.7,0.0,1.0,37,22,29.5
2023-03-01,2023,Mar,37,Winter,33.6,0.0,1.9,35,19,27
2023-03-02,2023,Mar,37,Winter,33.6,0.0,0.0,43,15,29
2023-03-03,2023,Mar,37,Winter,33.6,0.0,0.0,51,28,39.5
2023-03-04,2023,Mar,37,Winter,33.6,0.0,0.0,45,26,35.5
2023-03-05,2023,Mar,37,Winter,34.6,0.0,1.0,36,23,29.5
2023-03-06,2023,Mar,37,Winter,35.5,0.0,0.9,39,15,27
2023-03-07,2023,Mar,37,Winter,35.8,0.0,0.3,43,23,33
2023-03-08,2023,Mar,38,Winter,35.9,0.0,0.1,41,28,34.5
2023-03-09,2023,Mar,38,Winter,36.1,0.0,0.2,53,20,36.5
2023-03-10,2023,Mar,38,Winter,37.8,0.0,1.7,53,37,45
2023-03-11,2023,Mar,38,Winter,38.6,0.0,0.8,46,33,39.5
2023-03-12,2023,Mar,38,Winter,40.5,0.0,1.9,53,35,44
2023-03-13,2023,Mar,38,Winter,40.8,0.0,0.3,58,40,49
2023-03-14,2023,Mar,38,Winter,41.2,0.0,0.4,61,42,51.5
2023-03-15,2023,Mar,39,Winter,41.8,0.0,0.6,52,34,43
2023-03-16,2023,Mar,39,Winter,41.8,0.0,0.0,50,30,40
2023-03-17,2023,Mar,39,Winter,41.9,0.0,0.1,54,27,40.5
2023-03-18,2023,Mar,39,Winter,41.8,0.1,0.0,60,29,44.5
2023-03-19,2023,Mar,39,Winter,41.8,0.0,0.0,48,40,44
2023-03-20,2023,Mar,39,Winter,42.4,0.0,0.6,54,35,44.5
2023-03-21,2023,Mar,39,Winter,42.4,0.0,0,39,30,34.5
2023-12-21,2024,Jan,27,Winter,13.1,0.0,0.0,42,28,35
2023-12-22,2024,Jan,27,Winter,13.2,0.0,0.1,43,26,34.5
2023-12-23,2024,Jan,27,Winter,13.5,0.0,0.3,52,31,41.5
2023-12-24,2024,Jan,27,Winter,13.5,0.0,0,60,24,42
2023-12-25,2024,Jan,27,Winter,13.6,0.0,0.1,60,29,44.5
2023-12-26,2024,Jan,27,Winter,13.6,0.0,0,43,32,37.5
2023-12-27,2024,Jan,28,Winter,13.7,0.0,0.1,58,34,46
2023-12-28,2024,Jan,28,Winter,13.7,0.0,0,55,27,41
2023-12-29,2024,Jan,28,Winter,13.7,0.0,0,64,43,53.5
2023-12-30,2024,Jan,28,Winter,14.2,0.0,0.5,60,42,51
2023-12-31,2024,Jan,28,Winter,14.3,0.0,0.1,50,34,42
2024-01-01,2024,Jan,28,Winter,14.5,0.0,0.2,53,25,39
2024-01-02,2024,Jan,28,Winter,14.3,0.2,0,52,33,42.5
2024-01-03,2024,Jan,29,Winter,14.6,0.0,0.3,44,30,37
2024-01-04,2024,Jan,29,Winter,14.6,0.0,0,56,24,40
2024-01-05,2024,Jan,29,Winter,14.6,0.0,0,51,35,43
2024-01-06,2024,Jan,29,Winter,14.5,0.1,0,55,26,40.5
2024-01-07,2024,Jan,29,Winter,14.7,0.0,0.2,68,29,48.5
2024-01-08,2024,Jan,29,Winter,15.0,0.0,0.3,72,32,52
2024-01-09,2024,Jan,29,Winter,14.4,0.6,0,55,36,45.5
2024-01-10,2024,Jan,30,Winter,14.1,0.3,0,57,28,42.5
2024-01-11,2024,Jan,30,Winter,13.8,0.3,0,67,31,49
2024-01-12,2024,Jan,30,Winter,13.5,0.3,0,75,31,53
2024-01-13,2024,Jan,30,Winter,12.9,0.6,0,77,36,56.5
2024-01-14,2024,Jan,30,Winter,12.3,0.6,0,78,40,59
2024-01-15,2024,Jan,30,Winter,11.6,0.7,0,77,41,59
2024-01-16,2024,Jan,30,Winter,11.0,0.6,0,67,44,55.5
2024-01-17,2024,Jan,31,Winter,11.0,0.0,0,68,35,51.5
2024-01-18,2024,Jan,31,Winter,10.6,0.4,0,70,37,53.5
2024-01-19,2024,Jan,31,Winter,10.3,0.3,0,69,34,51.5
2024-01-20,2024,Jan,31,Winter,10.0,0.3,0,73,36,54.5
2024-01-21,2024,Feb,31,Winter,10.0,0.0,0,73,36,54.5
2024-01-22,2024,Feb,31,Winter,9.6,0.4,0,74,36,55
2024-01-23,2024,Feb,31,Winter,9.1,0.5,0,68,39,53.5
2024-01-24,2024,Feb,32,Winter,8.8,0.3,0,66,35,50.5
2024-01-25,2024,Feb,32,Winter,8.4,0.4,0,58,39,48.5
2024-01-26,2024,Feb,32,Winter,8.6,0.0,0.2,55,38,46.5
2024-01-27,2024,Feb,32,Winter,8.6,0.0,0,61,32,46.5
2024-01-28,2024,Feb,32,Winter,8.7,0.0,0.1,63,34,48.5
2024-01-29,2024,Feb,32,Winter,8.5,0.2,0,65,35,50
2024-01-30,2024,Feb,32,Winter,8.5,0.0,0,73,35,54
2024-01-31,2024,Feb,33,Winter,7.7,0.8,0,78,40,59
2024-02-01,2024,Feb,33,Winter,7.1,0.6,0,72,45,58.5
2024-02-02,2024,Feb,33,Winter,6.9,0.2,0,66,46,56
2024-02-03,2024,Feb,33,Winter,5.7,1.2,0,71,37,54
2024-02-04,2024,Feb,33,Winter,5.0,0.7,0,74,42,58
2024-02-05,2024,Feb,33,Winter,3.8,1.2,0,62,47,54.5
2024-02-06,2024,Feb,33,Winter,3.1,0.7,0,56,37,46.5
2024-02-07,2024,Feb,34,Winter,3.1,0.0,0,54,32,43
2024-02-08,2024,Feb,34,Winter,2.5,0.6,0,58,39,48.5
2024-02-09,2024,Feb,34,Winter,2.3,0.2,0,74,34,54
2024-02-10,2024,Feb,34,Winter,2.3,0.0,0,85,43,64
2024-02-11,2024,Feb,34,Winter,1.0,1.3,0,86,51,68.5
2024-02-12,2024,Feb,34,Winter,0.0,1.0,0,78,48,63
2024-02-13,2024,Feb,34,Winter,0.0,0.0,0,67,49,58
2024-02-14,2024,Feb,35,Winter,0.0,0.0,0,70,40,55
2024-02-15,2024,Feb,35,Winter,0.0,0.0,0,82,42,62
2024-02-16,2024,Feb,35,Winter,0.0,0.0,0,85,49,67
2024-02-17,2024,Feb,35,Winter,0.0,0.0,0,83,53,68
2024-02-18,2024,Mar,35,Winter,0.0,0.0,0,76,51,63.5
2024-02-19,2024,Mar,35,Winter,0.0,0.0,0,70,43,56.5
2024-02-20,2024,Mar,35,Winter,0.0,0.0,0,73,42,57.5
2024-02-21,2024,Mar,36,Winter,0.0,0.0,0,72,45,58.5
2024-02-22,2024,Mar,36,Winter,17.4,0.0,17.4,44,25,34.5
2024-02-23,2024,Mar,36,Winter,17.9,0.0,0.5,60,23,41.5
2024-02-24,2024,Mar,36,Winter,18.0,0.0,0.1,66,28,47
2024-02-25,2024,Mar,36,Winter,17.1,0.9,0,55,39,47
2024-02-26,2024,Mar,36,Winter,17.8,0.0,0.7,66,32,49
2024-02-27,2024,Mar,36,Winter,17.9,0.0,0.1,60,44,52
2024-02-28,2024,Mar,37,Winter,18.5,0.0,0.6,60,34,47
2024-03-01,2024,Mar,37,Winter,18.6,0.0,0.1,59,33,46
2024-03-02,2024,Mar,37,Winter,18.5,0.1,0,68,31,49.5
2024-03-03,2024,Mar,37,Winter,18.2,0.3,0,54,40,47
2024-03-04,2024,Mar,37,Winter,18.3,0.0,0.1,56,33,44.5
2024-03-05,2024,Mar,37,Winter,18.5,0.0,0.2,66,31,48.5
2024-03-06,2024,Mar,37,Winter,17.9,0.6,0,69,39,54
2024-03-07,2024,Mar,38,Winter,18.1,0.0,0.2,77,40,58.5
2024-03-08,2024,Mar,38,Winter,17.9,0.2,0,80,41,60.5
2024-03-09,2024,Mar,38,Winter,17.6,0.3,0,81,42,61.5
2024-03-10,2024,Mar,38,Winter,17.1,0.5,0,79,46,62.5
2023-03-11,2021,Mar,38,Spring,13.1,0.0,0.0,42,28,35
2023-03-12,2021,Mar,38,Spring,13.2,0.0,0.1,43,26,34.5
2023-03-13,2021,Mar,38,Spring,13.5,0.0,0.3,52,31,41.5
2023-03-14,2021,Mar,39,Spring,13.5,0.0,0,60,24,42
2023-03-15,2021,Mar,39,Spring,13.6,0.0,0.1,60,29,44.5
2023-03-16,2021,Mar,39,Spring,13.6,0.0,0,43,32,37.5
2023-03-17,2021,Mar,39,Spring,13.7,0.0,0.1,58,34,46
2023-03-18,2021,Mar,39,Spring,13.7,0.0,0,55,27,41
2023-03-19,2021,Mar,39,Spring,13.7,0.0,0,64,43,53.5
2023-03-20,2021,Mar,39,Spring,14.2,0.0,0.5,60,42,51
2023-03-21,2021,Mar,2,Spring,14.3,0.0,0.1,50,34,42
2021-03-21,2021,Mar,2,Spring,14.5,0.0,0.2,53,25,39
2021-03-22,2021,Mar,2,Spring,14.3,0.2,0,52,33,42.5
2021-03-23,2021,Mar,2,Spring,14.6,0.0,0.3,44,30,37
2021-03-24,2021,Mar,3,Spring,14.6,0.0,0,56,24,40
2021-03-25,2021,Mar,3,Spring,14.6,0.0,0,51,35,43
2021-03-26,2021,Mar,3,Spring,14.5,0.1,0,55,26,40.5
2021-03-27,2021,Mar,3,Spring,14.7,0.0,0.2,68,29,48.5
2021-03-28,2021,Mar,3,Spring,15.0,0.0,0.3,72,32,52
2021-03-29,2021,Mar,3,Spring,14.4,0.6,0,55,36,45.5
2021-03-30,2021,Mar,3,Spring,14.1,0.3,0,57,28,42.5
2021-03-31,2021,Mar,4,Spring,13.8,0.3,0,67,31,49
2021-04-01,2021,Apr,4,Spring,13.5,0.3,0,75,31,53
2021-04-02,2021,Apr,4,Spring,12.9,0.6,0,77,36,56.5
2021-04-03,2021,Apr,4,Spring,12.3,0.6,0,78,40,59
2021-04-04,2021,Apr,4,Spring,11.6,0.7,0,77,41,59
2021-04-05,2021,Apr,4,Spring,11.0,0.6,0,67,44,55.5
2021-04-06,2021,Apr,4,Spring,11.0,0.0,0,68,35,51.5
2021-04-07,2021,Apr,5,Spring,10.6,0.4,0,70,37,53.5
2021-04-08,2021,Apr,5,Spring,10.3,0.3,0,69,34,51.5
2021-04-09,2021,Apr,5,Spring,10.0,0.3,0,73,36,54.5
2021-04-09,2021,Apr,5,Spring,10.0,0.0,0,73,36,54.5
2021-04-10,2021,Apr,5,Spring,9.6,0.4,0,74,36,55
2021-04-11,2021,Apr,5,Spring,9.1,0.5,0,68,39,53.5
2021-04-12,2021,Apr,5,Spring,8.8,0.3,0,66,35,50.5
2021-04-13,2021,Apr,6,Spring,8.4,0.4,0,58,39,48.5
2021-04-14,2021,Apr,6,Spring,8.6,0.0,0.2,55,38,46.5
2021-04-15,2021,Apr,6,Spring,8.6,0.0,0,61,32,46.5
2021-04-16,2021,Apr,6,Spring,8.7,0.0,0.1,63,34,48.5
2021-04-17,2021,Apr,6,Spring,8.5,0.2,0,65,35,50
2021-04-18,2021,Apr,6,Spring,8.5,0.0,0,73,35,54
2021-04-19,2021,Apr,6,Spring,7.7,0.8,0,78,40,59
2021-04-20,2021,Apr,7,Spring,7.1,0.6,0,72,45,58.5
2021-04-21,2021,Apr,7,Spring,6.9,0.2,0,66,46,56
2021-04-22,2021,Apr,7,Spring,5.7,1.2,0,71,37,54
2021-04-23,2021,Apr,7,Spring,5.0,0.7,0,74,42,58
2021-04-24,2021,Apr,7,Spring,3.8,1.2,0,62,47,54.5
2021-04-25,2021,Apr,7,Spring,3.1,0.7,0,56,37,46.5
2021-04-26,2021,Apr,7,Spring,3.1,0.0,0,54,32,43
2021-04-27,2021,Apr,8,Spring,2.5,0.6,0,58,39,48.5
2021-04-28,2021,Apr,8,Spring,2.3,0.2,0,74,34,54
2021-04-29,2021,Apr,8,Spring,2.3,0.0,0,85,43,64
2021-04-30,2021,Apr,8,Spring,1.0,1.3,0,86,51,68.5
2021-05-01,2021,May,8,Spring,0.0,1.0,0,78,48,63
2021-05-02,2021,May,8,Spring,0.0,0.0,0,67,49,58
2021-05-03,2021,May,8,Spring,0.0,0.0,0,70,40,55
2021-05-04,2021,May,9,Spring,0.0,0.0,0,82,42,62
2021-05-05,2021,May,9,Spring,0.0,0.0,0,85,49,67
2021-05-06,2021,May,9,Spring,0.0,0.0,0,83,53,68
2021-05-07,2021,May,9,Spring,0.0,0.0,0,76,51,63.5
2021-05-08,2021,May,9,Spring,0.0,0.0,0,70,43,56.5
2021-05-09,2021,May,9,Spring,0.0,0.0,0,73,42,57.5
2021-05-10,2021,May,9,Spring,0.0,0.0,0,72,45,58.5
2022-03-10,2022,Mar,10,Spring,17.4,0.0,17.4,44,25,34.5
2022-03-11,2022,Mar,10,Spring,17.9,0.0,0.5,60,23,41.5
2022-03-12,2022,Mar,10,Spring,18.0,0.0,0.1,66,28,47
2022-03-13,2022,Mar,10,Spring,17.1,0.9,0,55,39,47
2022-03-14,2022,Mar,10,Spring,17.8,0.0,0.7,66,32,49
2022-03-15,2022,Mar,10,Spring,17.9,0.0,0.1,60,44,52
2022-03-16,2022,Mar,10,Spring,18.5,0.0,0.6,60,34,47
2022-03-17,2022,Mar,11,Spring,18.6,0.0,0.1,59,33,46
2022-03-18,2022,Mar,11,Spring,18.5,0.1,0,68,31,49.5
2022-03-19,2022,Mar,11,Spring,18.2,0.3,0,54,40,47
2022-03-20,2022,Mar,11,Spring,18.3,0.0,0.1,56,33,44.5
2022-03-21,2022,Mar,11,Spring,18.5,0.0,0.2,66,31,48.5
2022-03-22,2022,Mar,11,Spring,17.9,0.6,0,69,39,54
2022-03-23,2022,Mar,11,Spring,18.1,0.0,0.2,77,40,58.5
2022-03-24,2022,Mar,12,Spring,17.9,0.2,0,80,41,60.5
2022-03-25,2022,Mar,12,Spring,17.6,0.3,0,81,42,61.5
2022-03-26,2022,Mar,12,Spring,17.1,0.5,0,79,46,62.5
2022-03-27,2022,Mar,12,Spring,16.6,0.5,0,74,49,61.5
2022-03-28,2022,Mar,12,Spring,16.4,0.2,0,59,47,53
2022-03-29,2022,Mar,12,Spring,16.3,0.1,0,65,45,55
2022-03-30,2022,Mar,12,Spring,16.4,0.0,0.1,67,40,53.5
2022-03-31,2022,Mar,13,Spring,16.3,0.1,0,63,38,50.5
2022-04-01,2022,Apr,13,Spring,15.9,0.4,0,68,35,51.5
2022-04-02,2022,Apr,13,Spring,15.9,0.0,0,67,39,53
2022-04-03,2022,Apr,13,Spring,15.4,0.5,0,71,37,54
2022-04-04,2022,Apr,13,Spring,14.9,0.5,0,68,41,54.5
2022-04-05,2022,Apr,13,Spring,14.5,0.4,0,63,43,53
2022-04-06,2022,Apr,13,Spring,14.4,0.1,0,69,34,51.5
2022-04-07,2022,Apr,14,Spring,13.8,0.6,0,79,40,59.5
2022-04-08,2022,Apr,14,Spring,13.1,0.7,0,78,43,60.5
2022-04-09,2022,Apr,14,Spring,12.8,0.3,0,60,41,50.5
2022-04-09,2022,Apr,14,Spring,12.8,0.0,0,60,41,50.5
2022-04-10,2022,Apr,14,Spring,12.8,0.0,0,62,33,47.5
2022-04-11,2022,Apr,14,Spring,12.3,0.5,0,53,31,42
2022-04-12,2022,Apr,14,Spring,12.2,0.1,0,46,26,36
2022-04-13,2022,Apr,15,Spring,12.2,0.0,0,55,33,44
2022-04-14,2022,Apr,15,Spring,12.2,0.0,0,58,37,47.5
2022-04-15,2022,Apr,15,Spring,12.0,0.2,0,63,42,52.5
2022-04-16,2022,Apr,15,Spring,12.2,0.0,0.2,61,43,52
2022-04-17,2022,Apr,15,Spring,13.3,0.0,1.1,72,34,53
2022-04-18,2022,Apr,15,Spring,13.4,0.0,0.1,70,33,51.5
2022-04-19,2022,Apr,15,Spring,12.7,0.7,0,58,39,48.5
2022-04-20,2022,Apr,16,Spring,13.2,0.0,0.5,64,32,48
2022-04-21,2022,Apr,16,Spring,12.7,0.5,0,51,39,45
2022-04-22,2022,Apr,16,Spring,14.0,0.0,1.3,55,37,46
2022-04-23,2022,Apr,16,Spring,13.9,0.1,0,61,33,47
2022-04-24,2022,Apr,16,Spring,13.7,0.2,0,68,35,51.5
2022-04-25,2022,Apr,16,Spring,13.8,0.0,0.1,74,39,56.5
2022-04-26,2022,Apr,16,Spring,13.6,0.2,0,71,48,59.5
2022-04-27,2022,Apr,17,Spring,13.4,0.2,0,71,40,55.5
2022-04-28,2022,Apr,17,Spring,13.4,0.0,0,60,43,51.5
2022-04-29,2022,Apr,17,Spring,13.8,0.0,0.4,70,35,52.5
2022-04-30,2022,Apr,17,Spring,12.2,1.6,0,71,42,56.5
2022-05-01,2022,May,17,Spring,11.5,0.7,0,63,41,52
2022-05-02,2022,May,17,Spring,11.1,0.4,0,69,38,53.5
2022-05-03,2022,May,17,Spring,10.9,0.2,0,66,35,50.5
2022-05-04,2022,May,18,Spring,9.3,1.6,0,79,42,60.5
2022-05-05,2022,May,18,Spring,7.8,1.5,0,75,53,64
2022-05-06,2022,May,18,Spring,6.8,1.0,0,75,50,62.5
2022-05-07,2022,May,18,Spring,5.9,0.9,0,68,48,58
2022-05-08,2022,May,18,Spring,4.4,1.5,0,52,33,42.5
2022-05-09,2022,May,18,Spring,4.7,0.0,0.3,46,34,40
2022-05-10,2022,May,18,Spring,5.2,0.0,0.5,49,31,40
2023-03-10,2023,Mar,19,Spring,37.8,0.0,32.6,53,37,45
2023-03-11,2023,Mar,19,Spring,38.6,0.0,0.8,46,33,39.5
2023-03-12,2023,Mar,19,Spring,40.5,0.0,1.9,53,35,44
2023-03-13,2023,Mar,19,Spring,40.8,0.0,0.3,58,40,49
2023-03-14,2023,Mar,19,Spring,41.2,0.0,0.4,61,42,51.5
2023-03-15,2023,Mar,19,Spring,41.8,0.0,0.6,52,34,43
2023-03-16,2023,Mar,19,Spring,41.8,0.0,0,50,30,40
2023-03-17,2023,Mar,20,Spring,41.9,0.0,0.1,54,27,40.5
2023-03-18,2023,Mar,20,Spring,41.8,0.1,0,60,29,44.5
2023-03-19,2023,Mar,20,Spring,41.8,0.0,0,48,40,44
2023-03-20,2023,Mar,20,Spring,42.4,0.0,0.6,54,35,44.5
2023-03-21,2023,Mar,20,Spring,42.4,0.0,0,39,30,34.5
2023-03-22,2023,Mar,20,Spring,42.7,0.0,0.3,51,30,40.5
2023-03-23,2023,Mar,20,Spring,42.8,0.0,0.1,50,32,41
2023-03-24,2023,Mar,21,Spring,42.9,0.0,0.1,46,30,38
2023-03-25,2023,Mar,21,Spring,42.9,0.0,0,46,28,37
2023-03-26,2023,Mar,21,Spring,43.3,0.0,0.4,43,26,34.5
2023-03-27,2023,Mar,21,Spring,43.4,0.0,0.1,54,22,38
2023-03-28,2023,Mar,21,Spring,43.4,0.0,0,55,34,44.5
2023-03-29,2023,Mar,21,Spring,44.4,0.0,1,45,29,37
2023-03-30,2023,Mar,21,Spring,44.6,0.0,0.2,52,29,40.5
2023-03-31,2023,Mar,22,Spring,44.6,0.0,0,57,28,42.5
2023-04-01,2023,Apr,22,Spring,44.6,0.0,0,58,33,45.5
2023-04-02,2023,Apr,22,Spring,44.7,0.0,0.1,57,33,45
2023-04-03,2023,Apr,22,Spring,45.0,0.0,0.3,39,24,31.5
2023-04-04,2023,Apr,22,Spring,45.2,0.0,0.2,43,25,34
2023-04-05,2023,Apr,22,Spring,45.2,0.0,0,52,27,39.5
2023-04-06,2023,Apr,22,Spring,45.2,0.0,0,65,31,48
2023-04-07,2023,Apr,23,Spring,45.2,0.0,0,55,43,49
2023-04-08,2023,Apr,23,Spring,45.4,0.0,0.2,67,38,52.5
2023-04-09,2023,Apr,23,Spring,45.4,0.0,0,77,39,58
2023-04-09,2023,Apr,23,Spring,45.4,0.0,0,77,39,58
2023-04-10,2023,Apr,23,Spring,45.2,0.2,0,79,44,61.5
2023-04-11,2023,Apr,23,Spring,45.1,0.1,0,70,49,59.5
2023-04-12,2023,Apr,23,Spring,44.8,0.3,0,67,37,52
2023-04-13,2023,Apr,24,Spring,44.9,0.0,0.1,54,32,43
2023-04-14,2023,Apr,24,Spring,44.9,0.0,0,64,30,47
2023-04-15,2023,Apr,24,Spring,44.7,0.2,0,72,34,53
2023-04-16,2023,Apr,24,Spring,44.2,0.5,0,70,42,56
2023-04-17,2023,Apr,24,Spring,44.0,0.2,0,60,37,48.5
2023-04-18,2023,Apr,24,Spring,43.9,0.1,0,47,30,38.5
2023-04-19,2023,Apr,24,Spring,44.2,0.0,0.3,55,27,41
2023-04-20,2023,Apr,25,Spring,44.5,0.0,0.3,66,33,49.5
2023-04-21,2023,Apr,25,Spring,44.3,0.2,0,69,44,56.5
2023-04-22,2023,Apr,25,Spring,44.0,0.3,0,70,43,56.5
2023-04-23,2023,Apr,25,Spring,43.4,0.6,0,72,45,58.5
2023-04-24,2023,Apr,25,Spring,42.8,0.6,0,72,43,57.5
2023-04-25,2023,Apr,25,Spring,42.5,0.3,0,69,40,54.5
2023-04-26,2023,Apr,25,Spring,41.8,0.7,0,76,41,58.5
2023-04-27,2023,Apr,26,Spring,41.4,0.4,0,83,45,64
2023-04-28,2023,Apr,26,Spring,40.5,0.9,0,86,47,66.5
2023-04-29,2023,Apr,26,Spring,39.6,0.9,0,86,52,69
2023-04-30,2023,Apr,26,Spring,37.1,2.5,0,80,49,64.5
2023-05-01,2023,May,26,Spring,35.5,1.6,0,70,39,54.5
2023-05-02,2023,May,26,Spring,34.9,0.6,0,49,34,41.5
2023-05-03,2023,May,26,Spring,35.5,0.0,0.6,62,33,47.5
2023-05-04,2023,May,27,Spring,35.7,0.0,0.2,61,41,51
2023-05-05,2023,May,27,Spring,36.2,0.0,0.5,57,44,50.5
2023-05-06,2023,May,27,Spring,36.4,0.0,0.2,58,43,50.5
2023-05-07,2023,May,27,Spring,36.5,0.0,0.1,61,37,49
2023-05-08,2023,May,27,Spring,36.3,0.2,0,62,39,50.5
2023-05-09,2023,May,27,Spring,36.2,0.1,0,64,36,50
2023-05-09,2023,May,27,Spring,36.2,0.0,0,64,36,50
2023-05-10,2023,May,28,Spring,35.8,0.4,0,67,41,54
2024-03-10,2024,Mar,28,Spring,19.8,16.0,0,60,34,47
2024-03-11,2024,Mar,28,Spring,19.9,0.0,0.1,58,39,48.5
2024-03-12,2024,Mar,28,Spring,19.8,0.1,0,54,40,47
2024-03-13,2024,Mar,28,Spring,19.9,0.0,0.1,51,36,43.5
2024-03-14,2024,Mar,28,Spring,19.8,0.1,0,52,28,40
2024-03-15,2024,Mar,28,Spring,19.9,0.0,0.1,57,31,44
2024-03-16,2024,Mar,29,Spring,19.8,0.1,0,63,31,47
2024-03-17,2024,Mar,29,Spring,19.7,0.1,0,65,31,48
2024-03-18,2024,Mar,29,Spring,19.6,0.1,0,69,34,51.5
2024-03-19,2024,Mar,29,Spring,19.5,0.1,0,73,38,55.5
2024-03-20,2024,Mar,29,Spring,19.3,0.2,0,70,39,54.5
2024-03-21,2024,Mar,29,Spring,19.0,0.3,0,69,42,55.5
2024-03-22,2024,Mar,29,Spring,18.6,0.4,0,67,43,55
2024-03-23,2024,Mar,30,Spring,19.1,0.0,0.5,52,36,44
2024-03-24,2024,Mar,30,Spring,19.0,0.1,0,50,35,42.5
2024-03-25,2024,Mar,30,Spring,19.0,0.0,0,56,29,42.5
2024-03-26,2024,Mar,30,Spring,18.9,0.1,0,60,36,48
2024-03-27,2024,Mar,30,Spring,18.8,0.1,0,61,35,48
2024-03-28,2024,Mar,30,Spring,19.2,0.0,0.4,52,35,43.5
2024-03-29,2024,Mar,30,Spring,19.4,0.0,0.2,49,33,41
2024-03-30,2024,Mar,31,Spring,19.9,0.0,0.5,45,33,39
2024-03-31,2024,Mar,31,Spring,21.1,0.0,1.2,50,32,41
2024-04-01,2024,Apr,31,Spring,21.3,0.0,0.2,59,28,43.5
2024-04-02,2024,Apr,31,Spring,21.3,0.0,0,73,35,54
2024-04-03,2024,Apr,31,Spring,21.1,0.2,0,72,42,57
2024-04-04,2024,Apr,31,Spring,21.3,0.0,0.2,52,32,42
2024-04-05,2024,Apr,31,Spring,21.4,0.0,0.1,41,27,34
2024-04-06,2024,Apr,32,Spring,21.7,0.0,0.3,51,26,38.5
2024-04-07,2024,Apr,32,Spring,21.8,0.0,0.1,50,30,40
2024-04-08,2024,Apr,32,Spring,21.8,0.0,0,56,30,43
2024-04-09,2024,Apr,32,Spring,21.8,0.0,0,70,33,51.5
2024-04-09,2024,Apr,32,Spring,21.8,0.0,0,70,33,51.5
2024-04-10,2024,Apr,32,Spring,21.6,0.2,0,74,41,57.5
2024-04-11,2024,Apr,32,Spring,21.4,0.2,0,78,42,60
2024-04-12,2024,Apr,33,Spring,21.1,0.3,0,74,44,59
2024-04-13,2024,Apr,33,Spring,20.8,0.3,0,69,38,53.5
2024-04-14,2024,Apr,33,Spring,20.8,0.0,0,56,38,47
2024-04-15,2024,Apr,33,Spring,20.9,0.0,0.1,64,41,52.5
2024-04-16,2024,Apr,33,Spring,20.9,0.0,0,75,39,57
2024-04-17,2024,Apr,33,Spring,20.6,0.3,0,72,42,57
2024-04-18,2024,Apr,33,Spring,20.3,0.3,0,70,41,55.5
2024-04-19,2024,Apr,34,Spring,19.5,0.8,0,77,50,63.5
2024-04-20,2024,Apr,34,Spring,19.1,0.4,0,78,46,62
2024-04-21,2024,Apr,34,Spring,18.6,0.5,0,83,46,64.5
2024-04-22,2024,Apr,34,Spring,17.9,0.7,0,81,48,64.5
2024-04-23,2024,Apr,34,Spring,16.9,1.0,0,74,54,64
2024-04-24,2024,Apr,34,Spring,17.0,0.0,0.1,73,46,59.5
2024-04-25,2024,Apr,34,Spring,16.4,0.6,0,68,48,58
2024-04-26,2024,Apr,35,Spring,15.4,1.0,0,54,42,48
2024-04-27,2024,Apr,35,Spring,15.8,0.0,0.4,67,38,52.5
2024-04-28,2024,Apr,35,Spring,16.1,0.0,0.3,71,43,57
2024-04-29,2024,Apr,35,Spring,15.5,0.6,0,70,41,55.5
2024-04-30,2024,Apr,35,Spring,15.1,0.4,0,72,38,55
2024-05-01,2024,May,35,Spring,14.9,0.2,0,66,38,52
2024-05-02,2024,May,35,Spring,14.0,0.9,0,73,39,56
2024-05-03,2024,May,36,Spring,13.1,0.9,0,73,44,58.5
2024-05-04,2024,May,36,Spring,11.9,1.2,0,63,36,49.5
2024-05-05,2024,May,36,Spring,12.8,0.0,0.9,52,36,44
2024-05-06,2024,May,36,Spring,13.0,0.0,0.2,65,36,50.5
2024-05-07,2024,May,36,Spring,13.5,0.0,0.5,64,40,52
2024-05-08,2024,May,36,Spring,12.9,0.6,0,61,37,49
2024-05-09,2024,May,36,Spring,12.3,0.6,0,69,39,54
2021-08-10,2021,Aug,1,Fall,0,0.0,0.0,96,61,78.5
2021-08-11,2021,Aug,1,Fall,0,0.0,0,98,62,80
2021-08-12,2021,Aug,1,Fall,0,0.0,0,99,64,81.5
2021-08-13,2021,Aug,1,Fall,0,0.0,0,98,71,84.5
2021-08-14,2021,Aug,1,Fall,0,0.0,0,101,66,83.5
2021-08-15,2021,Aug,1,Fall,0,0.0,0,100,67,83.5
2021-08-16,2021,Aug,1,Fall,0,0.0,0,102,66,84
2021-08-17,2021,Aug,2,Fall,0,0.0,0,91,63,77
2021-08-18,2021,Aug,2,Fall,0,0.0,0,76,55,65.5
2021-08-19,2021,Aug,2,Fall,0,0.0,0,78,50,64
2021-08-20,2021,Aug,2,Fall,0,0.0,0,86,53,69.5
2021-08-21,2021,Aug,2,Fall,0,0.0,0,82,58,70
2021-08-22,2021,Aug,2,Fall,0,0.0,0,88,51,69.5
2021-08-23,2021,Aug,2,Fall,0,0.0,0,86,53,69.5
2021-08-24,2021,Aug,3,Fall,0,0.0,0,84,52,68
2021-08-25,2021,Aug,3,Fall,0,0.0,0,87,51,69
2021-08-26,2021,Aug,3,Fall,0,0.0,0,88,51,69.5
2021-08-27,2021,Aug,3,Fall,0,0.0,0,89,53,71
2021-08-28,2021,Aug,3,Fall,0,0.0,0,92,52,72
2021-08-29,2021,Aug,3,Fall,0,0.0,0,97,53,75
2021-08-30,2021,Aug,3,Fall,0,0.0,0,96,54,75
2021-08-31,2021,Aug,4,Fall,0,0.0,0,95,53,74
2021-09-01,2021,Sep,4,Fall,0,0.0,0,90,50,70
2021-09-02,2021,Sep,4,Fall,0,0.0,0,87,47,67
2021-09-03,2021,Sep,4,Fall,0,0.0,0,86,51,68.5
2021-09-04,2021,Sep,4,Fall,0,0.0,0,92,49,70.5
2021-09-05,2021,Sep,4,Fall,0,0.0,0,96,51,73.5
2021-09-06,2021,Sep,4,Fall,0,0.0,0,96,53,74.5
2021-09-07,2021,Sep,5,Fall,0,0.0,0,98,57,77.5
2021-09-08,2021,Sep,5,Fall,0,0.0,0,98,59,78.5
2021-09-09,2021,Sep,5,Fall,0,0.0,0,98,64,81
2021-09-10,2021,Sep,5,Fall,0,0.0,0,82,61,71.5
2021-09-11,2021,Sep,5,Fall,0,0.0,0,88,57,72.5
2021-09-12,2021,Sep,5,Fall,0,0.0,0,90,56,73
2021-09-13,2021,Sep,5,Fall,0,0.0,0,88,52,70
2021-09-14,2021,Sep,6,Fall,0,0.0,0,88,52,70
2021-09-15,2021,Sep,6,Fall,0,0.0,0,92,54,73
2021-09-16,2021,Sep,6,Fall,0,0.0,0,85,50,67.5
2021-09-17,2021,Sep,6,Fall,0,0.0,0,88,51,69.5
2021-09-18,2021,Sep,6,Fall,0,0.0,0,81,54,67.5
2021-09-19,2021,Sep,6,Fall,0.1,0.0,0.1,73,52,62.5
2021-09-20,2021,Sep,6,Fall,0,0.1,0,74,45,59.5
2021-09-21,2021,Sep,7,Fall,0,0.0,0,84,45,64.5
2021-09-22,2021,Sep,7,Fall,0,0.0,0,86,48,67
2021-09-23,2021,Sep,7,Fall,0,0.0,0,81,51,66
2021-09-24,2021,Sep,7,Fall,0,0.0,0,85,48,66.5
2021-09-25,2021,Sep,7,Fall,0,0.0,0,89,51,70
2021-09-26,2021,Sep,7,Fall,0,0.0,0,87,51,69
2021-09-27,2021,Sep,7,Fall,0,0.0,0,81,47,64
2021-09-28,2021,Sep,8,Fall,0.1,0.0,0.1,63,45,54
2021-09-29,2021,Sep,8,Fall,0,0.1,0,67,38,52.5
2021-09-30,2021,Sep,8,Fall,0,0.0,0,73,38,55.5
2021-10-01,2021,Oct,8,Fall,0,0.0,0,78,39,58.5
2021-10-02,2021,Oct,8,Fall,0,0.0,0,80,40,60
2021-10-03,2021,Oct,8,Fall,0,0.0,0,83,41,62
2021-10-04,2021,Oct,8,Fall,0,0.0,0,82,45,63.5
2021-10-05,2021,Oct,9,Fall,0,0.0,0,79,45,62
2021-10-06,2021,Oct,9,Fall,0,0.0,0,73,57,65
2021-10-07,2021,Oct,9,Fall,0,0.0,0,68,52,60
2021-10-08,2021,Oct,9,Fall,0.2,0.0,0.2,61,41,51
2021-10-09,2021,Oct,9,Fall,0,0.2,0,62,33,47.5
2021-10-10,2021,Oct,9,Fall,0,0.0,0,69,35,52
2021-10-11,2021,Oct,9,Fall,0.2,0.0,0.2,54,33,43.5
2022-08-10,2022,Aug,10,Fall,0,0.2,0,93,64,78.5
2022-08-11,2022,Aug,10,Fall,0,0.0,0,95,65,80
2022-08-12,2022,Aug,10,Fall,0,0.0,0,96,63,79.5
2022-08-13,2022,Aug,10,Fall,0,0.0,0,96,58,77
2022-08-14,2022,Aug,10,Fall,0,0.0,0,97,60,78.5
2022-08-15,2022,Aug,10,Fall,0,0.0,0,98,60,79
2022-08-16,2022,Aug,10,Fall,0,0.0,0,98,63,80.5
2022-08-17,2022,Aug,11,Fall,0,0.0,0,94,64,79
2022-08-18,2022,Aug,11,Fall,0,0.0,0,86,61,73.5
2022-08-19,2022,Aug,11,Fall,0,0.0,0,92,59,75.5
2022-08-20,2022,Aug,11,Fall,0,0.0,0,97,63,80
2022-08-21,2022,Aug,11,Fall,0,0.0,0,99,64,81.5
2022-08-22,2022,Aug,11,Fall,0,0.0,0,98,61,79.5
2022-08-23,2022,Aug,11,Fall,0,0.0,0,98,57,77.5
2022-08-24,2022,Aug,12,Fall,0,0.0,0,99,65,82
2022-08-25,2022,Aug,12,Fall,0,0.0,0,98,60,79
2022-08-26,2022,Aug,12,Fall,0,0.0,0,96,60,78
2022-08-27,2022,Aug,12,Fall,0,0.0,0,94,58,76
2022-08-28,2022,Aug,12,Fall,0,0.0,0,95,57,76
2022-08-29,2022,Aug,12,Fall,0,0.0,0,96,60,78
2022-08-30,2022,Aug,12,Fall,0,0.0,0,99,66,82.5
2022-08-31,2022,Aug,13,Fall,0,0.0,0,100,64,82
2022-09-01,2022,Sep,13,Fall,0,0.0,0,100,63,81.5
2022-09-02,2022,Sep,13,Fall,0,0.0,0,102,65,83.5
2022-09-03,2022,Sep,13,Fall,0,0.0,0,100,67,83.5
2022-09-04,2022,Sep,13,Fall,0,0.0,0,104,63,83.5
2022-09-05,2022,Sep,13,Fall,0,0.0,0,102,65,83.5
2022-09-06,2022,Sep,13,Fall,0,0.0,0,106,66,86
2022-09-07,2022,Sep,14,Fall,0,0.0,0,104,69,86.5
2022-09-08,2022,Sep,14,Fall,0,0.0,0,101,66,83.5
2022-09-09,2022,Sep,14,Fall,0,0.0,0,90,63,76.5
2022-09-10,2022,Sep,14,Fall,0,0.0,0,90,57,73.5
2022-09-11,2022,Sep,14,Fall,0,0.0,0,92,62,77
2022-09-12,2022,Sep,14,Fall,0,0.0,0,84,63,73.5
2022-09-13,2022,Sep,14,Fall,0,0.0,0,84,61,72.5
2022-09-14,2022,Sep,15,Fall,0,0.0,0,81,52,66.5
2022-09-15,2022,Sep,15,Fall,0,0.0,0,79,53,66
2022-09-16,2022,Sep,15,Fall,0,0.0,0,81,50,65.5
2022-09-17,2022,Sep,15,Fall,0,0.0,0,79,47,63
2022-09-18,2022,Sep,15,Fall,0,0.0,0,72,57,64.5
2022-09-19,2022,Sep,15,Fall,0,0.0,0,67,52,59.5
2022-09-20,2022,Sep,15,Fall,0,0.0,0,64,51,57.5
2022-09-21,2022,Sep,16,Fall,0,0.0,0,60,48,54
2022-09-22,2022,Sep,16,Fall,0,0.0,0,73,42,57.5
2022-09-23,2022,Sep,16,Fall,0,0.0,0,79,45,62
2022-09-24,2022,Sep,16,Fall,0,0.0,0,85,46,65.5
2022-09-25,2022,Sep,16,Fall,0,0.0,0,88,47,67.5
2022-09-26,2022,Sep,16,Fall,0,0.0,0,92,53,72.5
2022-09-27,2022,Sep,16,Fall,0,0.0,0,91,55,73
2022-09-28,2022,Sep,17,Fall,0,0.0,0,85,51,68
2022-09-29,2022,Sep,17,Fall,0,0.0,0,85,52,68.5
2022-09-30,2022,Sep,17,Fall,0,0.0,0,78,47,62.5
2022-10-01,2022,Oct,17,Fall,0,0.0,0,78,45,61.5
2022-10-02,2022,Oct,17,Fall,0,0.0,0,81,46,63.5
2022-10-03,2022,Oct,17,Fall,0,0.0,0,83,47,65
2022-10-04,2022,Oct,17,Fall,0,0.0,0,83,46,64.5
2022-10-05,2022,Oct,18,Fall,0,0.0,0,84,47,65.5
2022-10-06,2022,Oct,18,Fall,0,0.0,0,86,46,66
2022-10-07,2022,Oct,18,Fall,0,0.0,0,86,46,66
2022-10-08,2022,Oct,18,Fall,0,0.0,0,85,45,65
2022-10-09,2022,Oct,18,Fall,0,0.0,0,83,47,65
2022-10-10,2022,Oct,18,Fall,0,0.0,0,84,52,68
2022-10-11,2022,Oct,18,Fall,0,0.0,0,82,47,64.5
2023-08-10,2023,Aug,19,Fall,0.1,0.0,0.1,94,56,75
2023-08-11,2023,Aug,19,Fall,0.2,0.0,0.1,94,61,77.5
2023-08-12,2023,Aug,19,Fall,0.1,0.1,0,97,65,81
2023-08-13,2023,Aug,19,Fall,0.1,0.0,0,97,66,81.5
2023-08-14,2023,Aug,19,Fall,0.1,0.0,0,89,63,76
2023-08-15,2023,Aug,19,Fall,0.2,0.0,0.1,94,60,77
2023-08-16,2023,Aug,19,Fall,0.2,0.0,0,98,64,81
2023-08-17,2023,Aug,20,Fall,0.3,0.0,0.1,94,67,80.5
2023-08-18,2023,Aug,20,Fall,0.3,0.0,0,91,64,77.5
2023-08-19,2023,Aug,20,Fall,0.4,0.0,0.1,94,63,78.5
2023-08-20,2023,Aug,20,Fall,0.4,0.0,0,71,61,66
2023-08-21,2023,Aug,20,Fall,0.4,0.0,0,77,60,68.5
2023-08-22,2023,Aug,20,Fall,0.5,0.0,0.1,80,57,68.5
2023-08-23,2023,Aug,20,Fall,0.4,0.1,0,85,56,70.5
2023-08-24,2023,Aug,21,Fall,0.4,0.0,0,92,59,75.5
2023-08-25,2023,Aug,21,Fall,0.4,0.0,0,92,63,77.5
2023-08-26,2023,Aug,21,Fall,0.4,0.0,0,92,61,76.5
2023-08-27,2023,Aug,21,Fall,0.3,0.1,0,94,59,76.5
2023-08-28,2023,Aug,21,Fall,0.3,0.0,0,97,60,78.5
2023-08-29,2023,Aug,21,Fall,0.3,0.0,0,91,58,74.5
2023-08-30,2023,Aug,21,Fall,0.4,0.0,0.1,90,55,72.5
2023-08-31,2023,Aug,22,Fall,0.4,0.0,0,89,55,72
2023-09-01,2023,Sep,22,Fall,0.4,0.0,0,76,55,65.5
2023-09-02,2023,Sep,22,Fall,0.5,0.0,0.1,66,55,60.5
2023-09-03,2023,Sep,22,Fall,0.5,0.0,0,65,52,58.5
2023-09-04,2023,Sep,22,Fall,0.5,0.0,0,75,47,61
2023-09-05,2023,Sep,22,Fall,0.4,0.1,0,83,54,68.5
2023-09-06,2023,Sep,22,Fall,0,0.4,0,85,56,70.5
2023-09-07,2023,Sep,23,Fall,0,0.0,0,88,56,72
2023-09-08,2023,Sep,23,Fall,0,0.0,0,88,53,70.5
2023-09-09,2023,Sep,23,Fall,0,0.0,0,90,54,72
2023-09-10,2023,Sep,23,Fall,0,0.0,0,89,56,72.5
2023-09-11,2023,Sep,23,Fall,0,0.0,0,89,57,73
2023-09-12,2023,Sep,23,Fall,0,0.0,0,87,55,71
2023-09-13,2023,Sep,23,Fall,0,0.0,0,85,57,71
2023-09-14,2023,Sep,24,Fall,0,0.0,0,85,56,70.5
2023-09-15,2023,Sep,24,Fall,0,0.0,0,87,50,68.5
2023-09-16,2023,Sep,24,Fall,0,0.0,0,88,57,72.5
2023-09-17,2023,Sep,24,Fall,0,0.0,0,89,55,72
2023-09-18,2023,Sep,24,Fall,0,0.0,0,86,57,71.5
2023-09-19,2023,Sep,24,Fall,0.1,0.0,0.1,85,53,69
2023-09-20,2023,Sep,24,Fall,0,0.1,0,83,53,68
2023-09-21,2023,Sep,25,Fall,0,0.0,0,64,46,55
2023-09-22,2023,Sep,25,Fall,0.1,0.0,0.1,71,41,56
2023-09-23,2023,Sep,25,Fall,0,0.1,0,79,44,61.5
2023-09-24,2023,Sep,25,Fall,0,0.0,0,83,44,63.5
2023-09-25,2023,Sep,25,Fall,0,0.0,0,79,45,62
2023-09-26,2023,Sep,25,Fall,0,0.0,0,81,54,67.5
2023-09-27,2023,Sep,25,Fall,0,0.0,0,82,46,64
2023-09-28,2023,Sep,26,Fall,0.1,0.0,0.1,78,47,62.5
2023-09-29,2023,Sep,26,Fall,0,0.1,0,77,46,61.5
2023-09-30,2023,Sep,26,Fall,0,0.0,0,62,48,55
2023-10-01,2023,Oct,26,Fall,0.3,0.0,0.3,55,47,51
2023-10-02,2023,Oct,26,Fall,0.2,0.1,0,65,47,56
2023-10-03,2023,Oct,26,Fall,0.1,0.1,0,70,47,58.5
2023-10-04,2023,Oct,26,Fall,0.1,0.0,0,73,45,59
2023-10-05,2023,Oct,27,Fall,0.1,0.0,0,78,45,61.5
2023-10-06,2023,Oct,27,Fall,0.1,0.0,0,82,46,64
2023-10-07,2023,Oct,27,Fall,0,0.1,0,86,48,67
2023-10-08,2023,Oct,27,Fall,0,0.0,0,88,48,68
2023-10-09,2023,Oct,27,Fall,0,0.0,0,77,52,64.5
2023-10-10,2023,Oct,27,Fall,0.1,0.0,0.1,73,44,58.5
2023-10-11,2023,Oct,27,Fall,0.1,0.0,0,61,43,52
2024-08-10,2024,Aug,28,Fall,0.2,0.0,0.1,99,62,80.5
2024-08-11,2024,Aug,28,Fall,0.2,0.0,0,95,61,78
2024-08-12,2024,Aug,28,Fall,0.2,0.0,0,92,57,74.5
2024-08-13,2024,Aug,28,Fall,0.2,0.0,0,89,54,71.5
2024-08-14,2024,Aug,28,Fall,0.2,0.0,0,90,56,73
2024-08-15,2024,Aug,28,Fall,0.2,0.0,0,89,55,72
2024-08-16,2024,Aug,28,Fall,0.2,0.0,0,91,57,74
2024-08-17,2024,Aug,29,Fall,0.2,0.0,0,88,58,73
2024-08-18,2024,Aug,29,Fall,0.3,0.0,0.1,89,53,71
2024-08-19,2024,Aug,29,Fall,0.2,0.1,0,92,55,73.5
2024-08-20,2024,Aug,29,Fall,0.2,0.0,0,90,58,74
2024-08-21,2024,Aug,29,Fall,0.2,0.0,0,89,55,72
2024-08-22,2024,Aug,29,Fall,0.2,0.0,0,87,54,70.5
2024-08-23,2024,Aug,29,Fall,0.3,0.0,0.1,69,56,62.5
2024-08-24,2024,Aug,30,Fall,0.3,0.0,0,57,45,51
2024-08-25,2024,Aug,30,Fall,0.6,0.0,0.3,72,41,56.5
2024-08-26,2024,Aug,30,Fall,0.4,0.2,0,83,48,65.5
2024-08-27,2024,Aug,30,Fall,0.3,0.1,0,92,50,71
2024-08-28,2024,Aug,30,Fall,0.3,0.0,0,92,57,74.5
2024-08-29,2024,Aug,30,Fall,0.3,0.0,0,93,59,76
2024-08-30,2024,Aug,30,Fall,0.3,0.0,0,95,55,75
2024-08-31,2024,Aug,31,Fall,0.2,0.1,0,95,57,76
2024-09-01,2024,Sep,31,Fall,0.2,0.0,0,95,59,77
2024-09-02,2024,Sep,31,Fall,0.2,0.0,0,90,64,77
2024-09-03,2024,Sep,31,Fall,0.3,0.0,0.1,91,54,72.5
2024-09-04,2024,Sep,31,Fall,0.3,0.0,0,91,55,73
2024-09-05,2024,Sep,31,Fall,0.2,0.1,0,95,56,75.5
2024-09-06,2024,Sep,31,Fall,0.2,0.0,0,95,58,76.5
2024-09-07,2024,Sep,32,Fall,0.2,0.0,0,94,58,76
2024-09-08,2024,Sep,32,Fall,0.2,0.0,0,92,57,74.5
2024-09-09,2024,Sep,32,Fall,0.2,0.0,0,90,54,72
2024-09-10,2024,Sep,32,Fall,0.2,0.0,0,91,55,73
2024-09-11,2024,Sep,32,Fall,0.3,0.0,0.1,80,49,64.5
2024-09-12,2024,Sep,32,Fall,0.3,0.0,0,74,49,61.5
2024-09-13,2024,Sep,32,Fall,0.3,0.0,0,81,49,65
2024-09-14,2024,Sep,33,Fall,0.3,0.0,0,88,50,69
2024-09-15,2024,Sep,33,Fall,0.3,0.0,0,80,51,65.5
2024-09-16,2024,Sep,33,Fall,0.3,0.0,0,65,47,56
2024-09-17,2024,Sep,33,Fall,0.4,0.0,0.1,66,53,59.5
2024-09-18,2024,Sep,33,Fall,0.4,0.0,0,69,49,59
2024-09-19,2024,Sep,33,Fall,0.5,0.0,0.1,74,48,61
2024-09-20,2024,Sep,33,Fall,0.4,0.1,0,79,48,63.5
2024-09-21,2024,Sep,34,Fall,0.4,0.0,0,80,49,64.5
2024-09-22,2024,Sep,34,Fall,0.4,0.0,0,82,47,64.5
2024-09-23,2024,Sep,34,Fall,0.4,0.0,0,84,47,65.5
2024-09-24,2024,Sep,34,Fall,0.3,0.1,0,88,48,68
2024-09-25,2024,Sep,34,Fall,0.3,0.0,0,89,52,70.5
2024-09-26,2024,Sep,34,Fall,0.3,0.0,0,87,51,69
2024-09-27,2024,Sep,34,Fall,0.3,0.0,0,88,49,68.5
2024-09-28,2024,Sep,35,Fall,0.3,0.0,0,92,49,70.5
2024-09-29,2024,Sep,35,Fall,0.3,0.0,0,88,50,69
2024-09-30,2024,Sep,35,Fall,0.3,0.0,0,81,49,65
2024-10-01,2024,Oct,35,Fall,0.3,0.0,0,91,47,69
2024-10-02,2024,Oct,35,Fall,0.3,0.0,0,92,51,71.5
2024-10-03,2024,Oct,35,Fall,0.3,0.0,0,91,49,70
2024-10-04,2024,Oct,35,Fall,0.3,0.0,0,86,54,70
2024-10-05,2024,Oct,36,Fall,0.3,0.0,0,88,52,70
2024-10-06,2024,Oct,36,Fall,0.3,0.0,0,85,53,69
2024-10-07,2024,Oct,36,Fall,0.3,0.0,0,85,52,68.5
2024-10-08,2024,Oct,36,Fall,0.3,0.0,0,87,50,68.5
2024-10-09,2024,Oct,36,Fall,0.3,0.0,0,86,48,67
2024-10-10,2024,Oct,36,Fall,0.3,0.0,0,83,48,65.5
2024-10-11,2024,Oct,36,Fall,0.3,0.0,0,84,45,64.5