DATE,YEAR,SEASON,MONTH,WEEK,SNOW_WC,SNOW_MELT,SNOW_PACK,RAIN_INCHES,TEMP_MAX,TEMP_MIN,TEMP_AVERAGE
12/21/2020,2021,Winter,Dec,1,4.6,0,0,1.75,56,22,39
12/22/2020,2021,Winter,Dec,1,4.2,0.4,0,5.01,48,26,37
12/23/2020,2021,Winter,Dec,1,4.2,0,0,5.00,41,18,29.5
12/24/2020,2021,Winter,Dec,1,4.2,0,0,5.02,42,18,30
12/25/2020,2021,Winter,Dec,1,4.2,0,0,5.06,54,22,38
12/26/2020,2021,Winter,Dec,1,4.5,0,0.3,5.46,47,26,36.5
12/27/2020,2021,Winter,Dec,1,4.8,0,0.3,5.55,39,23,31
12/28/2020,2021,Winter,Dec,2,4.9,0,0.1,5.89,40,27,33.5
12/29/2020,2021,Winter,Dec,2,4.9,0,0,5.14,44,18,31
12/30/2020,2021,Winter,Dec,2,4.9,0,0,5.68,52,21,36.5
12/31/2020,2021,Winter,Dec,2,5.3,0,0.4,5.91,44,25,34.5
1/1/2021,2021,Winter,Jan,2,5.3,0,0,5.95,43,21,32
1/2/2021,2021,Winter,Jan,2,5.3,0,0,5.96,52,25,38.5
1/3/2021,2021,Winter,Jan,2,5.3,0,0,5.96,54,38,46
1/4/2021,2021,Winter,Jan,3,5.3,0,0,6.48,56,35,45.5
1/5/2021,2021,Winter,Jan,3,6,0,0.7,6.52,49,24,36.5
1/6/2021,2021,Winter,Jan,3,6,0,0,6.55,54,24,39
1/7/2021,2021,Winter,Jan,3,6.1,0,0.1,5.97,48,21,34.5
1/8/2021,2021,Winter,Jan,3,6.1,0,0,6.83,55,28,41.5
1/9/2021,2021,Winter,Jan,3,6,0.1,0,6.22,45,19,32
1/10/2021,2021,Winter,Jan,3,6,0,0,6.56,48,22,35
1/11/2021,2021,Winter,Jan,4,5.9,0.1,0,6.85,50,24,37
1/12/2021,2021,Winter,Jan,4,5.9,0,0,6.58,58,31,44.5
1/13/2021,2021,Winter,Jan,4,5.9,0,0,6.60,63,35,49
1/14/2021,2021,Winter,Jan,4,6.1,0,0.2,6.55,59,27,43
1/15/2021,2021,Winter,Jan,4,6,0.1,0,6.28,60,28,44
1/16/2021,2021,Winter,Jan,4,6.2,0,0.2,6.53,59,28,43.5
1/17/2021,2021,Winter,Jan,4,6.1,0.1,0,6.25,60,28,44
1/18/2021,2021,Winter,Jan,5,6.1,0,0,6.52,52,31,41.5
1/19/2021,2021,Winter,Jan,5,6.1,0,0,6.45,43,29,36
1/20/2021,2021,Winter,Jan,5,6.2,0,0.1,6.21,51,21,36
1/21/2021,2021,Winter,Jan,5,5.9,0.3,0,6.50,52,20,36
1/22/2021,2021,Winter,Jan,5,5.8,0.1,0,6.24,49,31,40
1/23/2021,2021,Winter,Jan,5,5.6,0.2,0,6.90,39,28,33.5
1/24/2021,2021,Winter,Jan,5,6,0,0.4,6.09,44,22,33
1/25/2021,2021,Winter,Jan,6,6,0,0,6.84,31,25,28
1/26/2021,2021,Winter,Jan,6,6.2,0,0.2,6.97,37,16,26.5
1/27/2021,2021,Winter,Jan,6,7,0,0.8,7.94,40,32,36
1/28/2021,2021,Winter,Jan,6,8.5,0,1.5,7.79,38,32,35
1/29/2021,2021,Winter,Jan,6,9.6,0,1.1,10.08,40,29,34.5
1/30/2021,2021,Winter,Jan,6,9.6,0,0,10.57,43,24,33.5
1/31/2021,2021,Winter,Jan,6,9.7,0,0.1,10.17,47,26,36.5
2/1/2021,2021,Winter,Feb,7,9.8,0,0.1,10.20,58,28,43
2/2/2021,2021,Winter,Feb,7,10,0,0.2,10.71,57,40,48.5
2/3/2021,2021,Winter,Feb,7,10.5,0,0.5,9.98,44,32,38
2/4/2021,2021,Winter,Feb,7,10.4,0.1,0,10.45,46,24,35
2/5/2021,2021,Winter,Feb,7,10.4,0,0,10.48,56,22,39
2/6/2021,2021,Winter,Feb,7,10.4,0,0,10.04,58,22,40
2/7/2021,2021,Winter,Feb,7,10.4,0,0,10.49,60,22,41
2/8/2021,2021,Winter,Feb,8,10.5,0,0.1,10.05,58,25,41.5
2/9/2021,2021,Winter,Feb,8,10.5,0,0,11.00,52,39,45.5
2/10/2021,2021,Winter,Feb,8,10.7,0,0.2,10.58,59,37,48
2/11/2021,2021,Winter,Feb,8,10.7,0,0,10.60,55,34,44.5
2/12/2021,2021,Winter,Feb,8,11.3,0,0.6,11.06,57,31,44
2/13/2021,2021,Winter,Feb,8,11.6,0,0.3,11.50,49,36,42.5
2/14/2021,2021,Winter,Feb,8,12,0,0.4,10.60,47,32,39.5
2/15/2021,2021,Winter,Feb,9,12,0,0,11.74,54,39,46.5
2/16/2021,2021,Winter,Feb,9,12,0,0,11.72,47,30,38.5
2/17/2021,2021,Winter,Feb,9,12,0,0,11.65,42,24,33
2/18/2021,2021,Winter,Feb,9,12,0,0,11.70,41,20,30.5
2/19/2021,2021,Winter,Feb,9,12.1,0,0.1,11.80,60,34,47
2/20/2021,2021,Winter,Feb,9,12.3,0,0.2,12.02,44,29,36.5
2/21/2021,2021,Winter,Feb,9,12.4,0,0.1,12.04,51,23,37
2/22/2021,2021,Winter,Feb,10,12.5,0,0.1,12.10,61,25,43
2/23/2021,2021,Winter,Feb,10,12.5,0,0,11.52,60,29,44.5
2/24/2021,2021,Winter,Feb,10,12.5,0,0,11.46,43,22,32.5
2/25/2021,2021,Winter,Feb,10,12.5,0,0,12.02,51,21,36
2/26/2021,2021,Winter,Feb,10,12.4,0.1,0,12.04,57,23,40
2/27/2021,2021,Winter,Feb,10,12.4,0,0,11.98,45,22,33.5
2/28/2021,2021,Winter,Feb,10,12.3,0.1,0,11.47,51,22,36.5
3/1/2021,2021,Winter,Mar,11,12.2,0.1,0,12.00,61,23,42
3/2/2021,2021,Winter,Mar,11,12.3,0,0.1,11.46,59,26,42.5
3/3/2021,2021,Winter,Mar,11,12.2,0.1,0,12.00,56,28,42
3/4/2021,2021,Winter,Mar,11,12.2,0,0,11.49,63,27,45
3/5/2021,2021,Winter,Mar,11,12.2,0,0,12.01,68,27,47.5
3/6/2021,2021,Winter,Mar,11,12.4,0,0.2,11.71,54,36,45
3/7/2021,2021,Winter,Mar,11,13,0,0.6,12.30,62,27,44.5
3/8/2021,2021,Winter,Mar,12,13.1,0,0.1,11.74,51,33,42
3/9/2021,2021,Winter,Mar,12,13,0.1,0,12.98,46,28,37
3/10/2021,2021,Spring,Mar,1,13.1,0,0,13.19,42,28,35
3/11/2021,2021,Spring,Mar,1,13.2,0,0.1,12.75,43,26,34.5
3/12/2021,2021,Spring,Mar,1,13.5,0,0.3,12.40,52,31,41.5
3/13/2021,2021,Spring,Mar,1,13.5,0,0,12.38,60,24,42
3/14/2021,2021,Spring,Mar,1,13.6,0,0.1,12.93,60,29,44.5
3/15/2021,2021,Spring,Mar,1,13.6,0,0,13.07,43,32,37.5
3/16/2021,2021,Spring,Mar,1,13.7,0,0.1,13.10,58,34,46
3/17/2021,2021,Spring,Mar,2,13.7,0,0,13.11,55,27,41
3/18/2021,2021,Spring,Mar,2,13.7,0,0,13.15,64,43,53.5
3/19/2021,2021,Spring,Mar,2,14.2,0,0.5,13.43,60,42,51
3/20/2021,2021,Spring,Mar,2,14.3,0,0.1,13.49,50,34,42
3/21/2021,2021,Spring,Mar,2,14.5,0,0.2,13.45,53,25,39
3/22/2021,2021,Spring,Mar,2,14.3,0.2,0,13.53,52,33,42.5
3/23/2021,2021,Spring,Mar,2,14.6,0,0.3,13.83,44,30,37
3/24/2021,2021,Spring,Mar,3,14.6,0,0,13.86,56,24,40
3/25/2021,2021,Spring,Mar,3,14.6,0,0,13.85,51,35,43
3/26/2021,2021,Spring,Mar,3,14.5,0.1,0,13.86,55,26,40.5
3/27/2021,2021,Spring,Mar,3,14.7,0,0.2,13.86,68,29,48.5
3/28/2021,2021,Spring,Mar,3,15,0,0.3,13.88,72,32,52
3/29/2021,2021,Spring,Mar,3,14.4,0.6,0,13.89,55,36,45.5
3/30/2021,2021,Spring,Mar,3,14.1,0.3,0,13.85,57,28,42.5
3/31/2021,2021,Spring,Mar,4,13.8,0.3,0,13.26,67,31,49
4/1/2021,2021,Spring,Apr,4,13.5,0.3,0,13.90,75,31,53
4/2/2021,2021,Spring,Apr,4,12.9,0.6,0,13.91,77,36,56.5
4/3/2021,2021,Spring,Apr,4,12.3,0.6,0,13.95,78,40,59
4/4/2021,2021,Spring,Apr,4,11.6,0.7,0,13.98,77,41,59
4/5/2021,2021,Spring,Apr,4,11,0.6,0,14.04,67,44,55.5
4/6/2021,2021,Spring,Apr,4,11,0,0,14.07,68,35,51.5
4/7/2021,2021,Spring,Apr,5,10.6,0.4,0,14.70,70,37,53.5
4/8/2021,2021,Spring,Apr,5,10.3,0.3,0,14.11,69,34,51.5
4/9/2021,2021,Spring,Apr,5,10,0.3,0,14.09,73,36,54.5
4/10/2021,2021,Spring,Apr,5,9.6,0.4,0,14.11,74,36,55
4/11/2021,2021,Spring,Apr,5,9.1,0.5,0,13.50,68,39,53.5
4/12/2021,2021,Spring,Apr,5,8.8,0.3,0,14.10,66,35,50.5
4/13/2021,2021,Spring,Apr,6,8.4,0.4,0,11.71,58,39,48.5
4/14/2021,2021,Spring,Apr,6,8.6,0,0.2,7.65,55,38,46.5
4/15/2021,2021,Spring,Apr,6,8.6,0,0,7.04,61,32,46.5
4/16/2021,2021,Spring,Apr,6,8.7,0,0.1,14.71,63,34,48.5
4/17/2021,2021,Spring,Apr,6,8.5,0.2,0,14.71,65,35,50
4/18/2021,2021,Spring,Apr,6,8.5,0,0,10.26,73,35,54
4/19/2021,2021,Spring,Apr,6,7.7,0.8,0,14.73,78,40,59
4/20/2021,2021,Spring,Apr,7,7.1,0.6,0,14.75,72,45,58.5
4/21/2021,2021,Spring,Apr,7,6.9,0.2,0,14.73,66,46,56
4/22/2021,2021,Spring,Apr,7,5.7,1.2,0,13.44,71,37,54
4/23/2021,2021,Spring,Apr,7,5,0.7,0,14.75,74,42,58
4/24/2021,2021,Spring,Apr,7,3.8,1.2,0,14.75,62,47,54.5
4/25/2021,2021,Spring,Apr,7,3.1,0.7,0,14.81,56,37,46.5
4/26/2021,2021,Spring,Apr,7,3.1,0,0,14.89,54,32,43
4/27/2021,2021,Spring,Apr,8,2.5,0.6,0,14.91,58,39,48.5
4/28/2021,2021,Spring,Apr,8,2.3,0.2,0,14.88,74,34,54
4/29/2021,2021,Spring,Apr,8,2.3,0,0,14.89,85,43,64
4/30/2021,2021,Spring,Apr,8,1,1.3,0,15.51,86,51,68.5
5/1/2021,2021,Spring,May,8,0,1,0,15.50,78,48,63
5/2/2021,2021,Spring,May,8,0,0,0,15.53,67,49,58
5/3/2021,2021,Spring,May,8,0,0,0,15.51,70,40,55
5/4/2021,2021,Spring,May,9,0,0,0,15.51,82,42,62
5/5/2021,2021,Spring,May,9,0,0,0,15.51,85,49,67
5/6/2021,2021,Spring,May,9,0,0,0,15.53,83,53,68
5/7/2021,2021,Spring,May,9,0,0,0,15.53,76,51,63.5
5/8/2021,2021,Spring,May,9,0,0,0,15.51,70,43,56.5
5/9/2021,2021,Spring,May,9,0,0,0,15.53,73,42,57.5
5/10/2021,2021,Spring,May,9,0,0,0,15.53,72,45,58.5
8/10/2021,2021,Fall,Aug,1,0,0,0,16.98,96,61,78.5
8/11/2021,2021,Fall,Aug,1,0,0,0,15.56,98,62,80
8/12/2021,2021,Fall,Aug,1,0,0,0,16.98,99,64,81.5
8/13/2021,2021,Fall,Aug,1,0,0,0,17.02,98,71,84.5
8/14/2021,2021,Fall,Aug,1,0,0,0,17.01,101,66,83.5
8/15/2021,2021,Fall,Aug,1,0,0,0,17.01,100,67,83.5
8/16/2021,2021,Fall,Aug,1,0,0,0,16.98,102,66,84
8/17/2021,2021,Fall,Aug,2,0,0,0,17.02,91,63,77
8/18/2021,2021,Fall,Aug,2,0,0,0,17.07,76,55,65.5
8/19/2021,2021,Fall,Aug,2,0,0,0,17.05,78,50,64
8/20/2021,2021,Fall,Aug,2,0,0,0,7.14,86,53,69.5
8/21/2021,2021,Fall,Aug,2,0,0,0,0.00,82,58,70
8/22/2021,2021,Fall,Aug,2,0,0,0,0.00,88,51,69.5
8/23/2021,2021,Fall,Aug,2,0,0,0,0.00,86,53,69.5
8/24/2021,2021,Fall,Aug,3,0,0,0,0.00,84,52,68
8/25/2021,2021,Fall,Aug,3,0,0,0,5.04,87,51,69
8/26/2021,2021,Fall,Aug,3,0,0,0,17.22,88,51,69.5
8/27/2021,2021,Fall,Aug,3,0,0,0,16.35,89,53,71
8/28/2021,2021,Fall,Aug,3,0,0,0,17.05,92,52,72
8/29/2021,2021,Fall,Aug,3,0,0,0,17.04,97,53,75
8/30/2021,2021,Fall,Aug,3,0,0,0,17.05,96,54,75
8/31/2021,2021,Fall,Aug,4,0,0,0,17.05,95,53,74
9/1/2021,2021,Fall,Sep,4,0,0,0,16.35,90,50,70
9/2/2021,2021,Fall,Sep,4,0,0,0,17.07,87,47,67
9/3/2021,2021,Fall,Sep,4,0,0,0,17.06,86,51,68.5
9/4/2021,2021,Fall,Sep,4,0,0,0,17.08,92,49,70.5
9/5/2021,2021,Fall,Sep,4,0,0,0,17.07,96,51,73.5
9/6/2021,2021,Fall,Sep,4,0,0,0,17.06,96,53,74.5
9/7/2021,2021,Fall,Sep,5,0,0,0,17.05,98,57,77.5
9/8/2021,2021,Fall,Sep,5,0,0,0,17.05,98,59,78.5
9/9/2021,2021,Fall,Sep,5,0,0,0,17.06,98,64,81
9/10/2021,2021,Fall,Sep,5,0,0,0,17.28,82,61,71.5
9/11/2021,2021,Fall,Sep,5,0,0,0,17.32,88,57,72.5
9/12/2021,2021,Fall,Sep,5,0,0,0,17.31,90,56,73
9/13/2021,2021,Fall,Sep,5,0,0,0,17.30,88,52,70
9/14/2021,2021,Fall,Sep,6,0,0,0,17.30,88,52,70
9/15/2021,2021,Fall,Sep,6,0,0,0,17.30,92,54,73
9/16/2021,2021,Fall,Sep,6,0,0,0,17.32,85,50,67.5
9/17/2021,2021,Fall,Sep,6,0,0,0,17.31,88,51,69.5
9/18/2021,2021,Fall,Sep,6,0,0,0,17.34,81,54,67.5
9/19/2021,2021,Fall,Sep,6,0.1,0,0.1,17.34,73,52,62.5
9/20/2021,2021,Fall,Sep,6,0,0.1,0,16.61,74,45,59.5
9/21/2021,2021,Fall,Sep,7,0,0,0,17.32,84,45,64.5
9/22/2021,2021,Fall,Sep,7,0,0,0,17.32,86,48,67
9/23/2021,2021,Fall,Sep,7,0,0,0,17.33,81,51,66
9/24/2021,2021,Fall,Sep,7,0,0,0,17.33,85,48,66.5
9/25/2021,2021,Fall,Sep,7,0,0,0,17.33,89,51,70
9/26/2021,2021,Fall,Sep,7,0,0,0,17.33,87,51,69
9/27/2021,2021,Fall,Sep,7,0,0,0,17.33,81,47,64
9/28/2021,2021,Fall,Sep,8,0.1,0,0.1,17.43,63,45,54
9/29/2021,2021,Fall,Sep,8,0,0.1,0,17.43,67,38,52.5
9/30/2021,2021,Fall,Sep,8,0,0,0,16.71,73,38,55.5
10/1/2021,2021,Fall,Oct,8,0,0,0,0.66,78,39,58.5
10/2/2021,2021,Fall,Oct,8,0,0,0,-0.07,80,40,60
10/3/2021,2021,Fall,Oct,8,0,0,0,-0.08,83,41,62
10/4/2021,2021,Fall,Oct,8,0,0,0,-0.05,82,45,63.5
10/5/2021,2021,Fall,Oct,9,0,0,0,-0.05,79,45,62
10/6/2021,2021,Fall,Oct,9,0,0,0,-0.01,73,57,65
10/7/2021,2021,Fall,Oct,9,0,0,0,-0.01,68,52,60
10/8/2021,2021,Fall,Oct,9,0.2,0,0.2,0.50,61,41,51
10/9/2021,2021,Fall,Oct,9,0,0.2,0,0.72,62,33,47.5
10/10/2021,2021,Fall,Oct,9,0,0,0,0.73,69,35,52
10/11/2021,2021,Fall,Oct,9,0.2,0,0.2,1.08,54,33,43.5
12/21/2021,2022,Winter,Dec,14,7.7,6.5,0,15.73,43,25,34
12/22/2021,2022,Winter,Dec,14,7.8,0,0.1,16.13,53,27,40
12/23/2021,2022,Winter,Dec,14,8.7,0,0.9,17.83,44,33,38.5
12/24/2021,2022,Winter,Dec,14,11.2,0,2.5,19.68,49,34,41.5
12/25/2021,2022,Winter,Dec,14,12.1,0,0.9,20.34,41,28,34.5
12/26/2021,2022,Winter,Dec,14,13.8,0,1.7,22.63,37,25,31
12/27/2021,2022,Winter,Dec,14,15,0,1.2,22.34,38,28,33
12/28/2021,2022,Winter,Dec,15,15.7,0,0.7,21.78,34,26,30
12/29/2021,2022,Winter,Dec,15,15.9,0,0.2,23.13,33,27,30
12/30/2021,2022,Winter,Dec,15,16,0,0.1,23.19,46,28,37
12/31/2021,2022,Winter,Dec,15,16,0,0,22.17,39,23,31
1/1/2022,2022,Winter,Jan,15,15.8,0.2,0,22.10,35,15,25
1/2/2022,2022,Winter,Jan,15,15.8,0,0,23.19,38,17,27.5
1/3/2022,2022,Winter,Jan,15,15.7,0.1,0,20.14,49,22,35.5
1/4/2022,2022,Winter,Jan,16,15.5,0.2,0,23.19,53,44,48.5
1/5/2022,2022,Winter,Jan,16,15.4,0.1,0,24.33,58,39,48.5
1/6/2022,2022,Winter,Jan,16,15.5,0,0.1,23.42,60,30,45
1/7/2022,2022,Winter,Jan,16,15.4,0.1,0,21.38,53,35,44
1/8/2022,2022,Winter,Jan,16,15.4,0,0,23.39,49,26,37.5
1/9/2022,2022,Winter,Jan,16,15.3,0.1,0,14.23,48,25,36.5
1/10/2022,2022,Winter,Jan,16,15.3,0,0,23.46,47,24,35.5
1/11/2022,2022,Winter,Jan,17,15.4,0,0.1,24.51,49,24,36.5
1/12/2022,2022,Winter,Jan,17,15.4,0,0,23.48,57,24,40.5
1/13/2022,2022,Winter,Jan,17,15.4,0,0,23.48,64,29,46.5
1/14/2022,2022,Winter,Jan,17,15.4,0,0,23.48,50,25,37.5
1/15/2022,2022,Winter,Jan,17,15.3,0.1,0,23.50,48,27,37.5
1/16/2022,2022,Winter,Jan,17,15.3,0,0,23.52,50,25,37.5
1/17/2022,2022,Winter,Jan,17,15.2,0.1,0,23.47,52,24,38
1/18/2022,2022,Winter,Jan,18,15.2,0,0,23.49,55,25,40
1/19/2022,2022,Winter,Jan,18,15.2,0,0,23.52,53,25,39
1/20/2022,2022,Winter,Jan,18,15.2,0,0,23.50,55,25,40
1/21/2022,2022,Winter,Jan,18,15.2,0,0,23.56,47,27,37
1/22/2022,2022,Winter,Jan,18,15.1,0.1,0,23.65,47,25,36
1/23/2022,2022,Winter,Jan,18,15.2,0,0.1,23.56,52,22,37
1/24/2022,2022,Winter,Jan,18,15.2,0,0,23.45,54,21,37.5
1/25/2022,2022,Winter,Jan,19,15.1,0.1,0,23.55,48,22,35
1/26/2022,2022,Winter,Jan,19,15.1,0,0,24.57,50,20,35
1/27/2022,2022,Winter,Jan,19,15.1,0,0,24.51,50,20,35
1/28/2022,2022,Winter,Jan,19,15.1,0,0,23.46,50,21,35.5
1/29/2022,2022,Winter,Jan,19,15.1,0,0,23.48,51,20,35.5
1/30/2022,2022,Winter,Jan,19,15.1,0,0,23.49,55,19,37
1/31/2022,2022,Winter,Jan,19,15.3,0,0.2,23.40,54,26,40
2/1/2022,2022,Winter,Feb,20,15.2,0.1,0,23.65,41,22,31.5
2/2/2022,2022,Winter,Feb,20,15.2,0,0,23.80,40,17,28.5
2/3/2022,2022,Winter,Feb,20,15.3,0,0.1,24.59,49,20,34.5
2/4/2022,2022,Winter,Feb,20,15.3,0,0,24.45,52,21,36.5
2/5/2022,2022,Winter,Feb,20,15.4,0,0.1,19.36,56,25,40.5
2/6/2022,2022,Winter,Feb,20,15.4,0,0,24.40,56,22,39
2/7/2022,2022,Winter,Feb,20,15.4,0,0,23.34,60,23,41.5
2/8/2022,2022,Winter,Feb,21,15.4,0,0,23.35,62,25,43.5
2/9/2022,2022,Winter,Feb,21,15.4,0,0,23.32,62,26,44
2/10/2022,2022,Winter,Feb,21,15.4,0,0,23.32,65,29,47
2/11/2022,2022,Winter,Feb,21,15.3,0.1,0,24.32,67,28,47.5
2/12/2022,2022,Winter,Feb,21,15.3,0,0,24.27,66,27,46.5
2/13/2022,2022,Winter,Feb,21,15.3,0,0,22.25,70,27,48.5
2/14/2022,2022,Winter,Feb,21,15.2,0.1,0,17.16,67,31,49
2/15/2022,2022,Winter,Feb,22,15.5,0,0.3,23.65,44,28,36
2/16/2022,2022,Winter,Feb,22,15.7,0,0.2,23.97,49,21,35
2/17/2022,2022,Winter,Feb,22,15.7,0,0,24.05,53,23,38
2/18/2022,2022,Winter,Feb,22,15.7,0,0,24.05,61,24,42.5
2/19/2022,2022,Winter,Feb,22,15.7,0,0,19.80,65,24,44.5
2/20/2022,2022,Winter,Feb,22,15.6,0.1,0,18.73,60,29,44.5
2/21/2022,2022,Winter,Feb,22,15.6,0,0,24.00,37,25,31
2/22/2022,2022,Winter,Feb,23,16.2,0,0.6,24.22,34,22,28
2/23/2022,2022,Winter,Feb,23,16.6,0,0.4,22.21,31,19,25
2/24/2022,2022,Winter,Feb,23,16.6,0,0,24.45,44,13,28.5
2/25/2022,2022,Winter,Feb,23,16.6,0,0,25.72,43,20,31.5
2/26/2022,2022,Winter,Feb,23,16.6,0,0,25.96,49,20,34.5
2/27/2022,2022,Winter,Feb,23,16.7,0,0.1,25.00,61,32,46.5
2/28/2022,2022,Winter,Feb,23,16.6,0.1,0,24.95,70,29,49.5
3/1/2022,2022,Winter,Mar,24,16.6,0,0,23.88,72,34,53
3/2/2022,2022,Winter,Mar,24,16.3,0.3,0,26.03,73,36,54.5
3/3/2022,2022,Winter,Mar,24,16.4,0,0.1,24.95,66,37,51.5
3/4/2022,2022,Winter,Mar,24,16,0.4,0,26.11,57,32,44.5
3/5/2022,2022,Winter,Mar,24,16.6,0,0.6,26.55,39,29,34
3/6/2022,2022,Winter,Mar,24,16.6,0,0,25.53,47,25,36
3/7/2022,2022,Winter,Mar,24,16.6,0,0,25.58,49,23,36
3/8/2022,2022,Winter,Mar,25,16.8,0,0.2,25.57,57,25,41
3/9/2022,2022,Winter,Mar,25,17.1,0,0.3,26.63,57,31,44
3/10/2022,2022,Spring,Mar,10,17.4,0,17.4,25.51,44,25,34.5
3/11/2022,2022,Spring,Mar,10,17.9,0,0.5,26.64,60,23,41.5
3/12/2022,2022,Spring,Mar,10,18,0,0.1,24.37,66,28,47
3/13/2022,2022,Spring,Mar,10,17.1,0.9,0,25.50,55,39,47
3/14/2022,2022,Spring,Mar,10,17.8,0,0.7,25.57,66,32,49
3/15/2022,2022,Spring,Mar,10,17.9,0,0.1,25.70,60,44,52
3/16/2022,2022,Spring,Mar,10,18.5,0,0.6,25.73,60,34,47
3/17/2022,2022,Spring,Mar,11,18.6,0,0.1,25.71,59,33,46
3/18/2022,2022,Spring,Mar,11,18.5,0.1,0,25.73,68,31,49.5
3/19/2022,2022,Spring,Mar,11,18.2,0.3,0,25.77,54,40,47
3/20/2022,2022,Spring,Mar,11,18.3,0,0.1,25.82,56,33,44.5
3/21/2022,2022,Spring,Mar,11,18.5,0,0.2,26.95,66,31,48.5
3/22/2022,2022,Spring,Mar,11,17.9,0.6,0,26.99,69,39,54
3/23/2022,2022,Spring,Mar,11,18.1,0,0.2,26.97,77,40,58.5
3/24/2022,2022,Spring,Mar,12,17.9,0.2,0,25.85,80,41,60.5
3/25/2022,2022,Spring,Mar,12,17.6,0.3,0,25.89,81,42,61.5
3/26/2022,2022,Spring,Mar,12,17.1,0.5,0,25.89,79,46,62.5
3/27/2022,2022,Spring,Mar,12,16.6,0.5,0,25.88,74,49,61.5
3/28/2022,2022,Spring,Mar,12,16.4,0.2,0,25.89,59,47,53
3/29/2022,2022,Spring,Mar,12,16.3,0.1,0,25.94,65,45,55
3/30/2022,2022,Spring,Mar,12,16.4,0,0.1,25.93,67,40,53.5
3/31/2022,2022,Spring,Mar,13,16.3,0.1,0,24.79,63,38,50.5
4/1/2022,2022,Spring,Apr,13,15.9,0.4,0,25.93,68,35,51.5
4/2/2022,2022,Spring,Apr,13,15.9,0,0,25.94,67,39,53
4/3/2022,2022,Spring,Apr,13,15.4,0.5,0,25.91,71,37,54
4/4/2022,2022,Spring,Apr,13,14.9,0.5,0,25.95,68,41,54.5
4/5/2022,2022,Spring,Apr,13,14.5,0.4,0,24.83,63,43,53
4/6/2022,2022,Spring,Apr,13,14.4,0.1,0,24.80,69,34,51.5
4/7/2022,2022,Spring,Apr,14,13.8,0.6,0,25.95,79,40,59.5
4/8/2022,2022,Spring,Apr,14,13.1,0.7,0,25.95,78,43,60.5
4/9/2022,2022,Spring,Apr,14,12.8,0.3,0,24.80,60,41,50.5
4/10/2022,2022,Spring,Apr,14,12.8,0,0,25.88,62,33,47.5
4/11/2022,2022,Spring,Apr,14,12.3,0.5,0,26.08,53,31,42
4/12/2022,2022,Spring,Apr,14,12.2,0.1,0,26.33,46,26,36
4/13/2022,2022,Spring,Apr,15,12.2,0,0,26.35,55,33,44
4/14/2022,2022,Spring,Apr,15,12.2,0,0,27.58,58,37,47.5
4/15/2022,2022,Spring,Apr,15,12,0.2,0,27.78,63,42,52.5
4/16/2022,2022,Spring,Apr,15,12.2,0,0.2,26.92,61,43,52
4/17/2022,2022,Spring,Apr,15,13.3,0,1.1,25.88,72,34,53
4/18/2022,2022,Spring,Apr,15,13.4,0,0.1,28.26,70,33,51.5
4/19/2022,2022,Spring,Apr,15,12.7,0.7,0,26.19,58,39,48.5
4/20/2022,2022,Spring,Apr,16,13.2,0,0.5,27.53,64,32,48
4/21/2022,2022,Spring,Apr,16,12.7,0.5,0,22.27,51,39,45
4/22/2022,2022,Spring,Apr,16,14,0,1.3,27.99,55,37,46
4/23/2022,2022,Spring,Apr,16,13.9,0.1,0,30.47,61,33,47
4/24/2022,2022,Spring,Apr,16,13.7,0.2,0,30.47,68,35,51.5
4/25/2022,2022,Spring,Apr,16,13.8,0,0.1,27.93,74,39,56.5
4/26/2022,2022,Spring,Apr,16,13.6,0.2,0,30.50,71,48,59.5
4/27/2022,2022,Spring,Apr,17,13.4,0.2,0,29.21,71,40,55.5
4/28/2022,2022,Spring,Apr,17,13.4,0,0,29.19,60,43,51.5
4/29/2022,2022,Spring,Apr,17,13.8,0,0.4,29.20,70,35,52.5
4/30/2022,2022,Spring,Apr,17,12.2,1.6,0,29.23,71,42,56.5
5/1/2022,2022,Spring,May,17,11.5,0.7,0,27.96,63,41,52
5/2/2022,2022,Spring,May,17,11.1,0.4,0,29.23,69,38,53.5
5/3/2022,2022,Spring,May,17,10.9,0.2,0,30.46,66,35,50.5
5/4/2022,2022,Spring,May,18,9.3,1.6,0,30.48,79,42,60.5
5/5/2022,2022,Spring,May,18,7.8,1.5,0,29.22,75,53,64
5/6/2022,2022,Spring,May,18,6.8,1,0,29.25,75,50,62.5
5/7/2022,2022,Spring,May,18,5.9,0.9,0,29.23,68,48,58
5/8/2022,2022,Spring,May,18,4.4,1.5,0,29.35,52,33,42.5
5/9/2022,2022,Spring,May,18,4.7,0,0.3,29.82,46,34,40
5/10/2022,2022,Spring,May,18,5.2,0,0.5,29.96,49,31,40
8/10/2022,2022,Fall,Aug,10,0,0.2,0,31.89,93,64,78.5
8/11/2022,2022,Fall,Aug,10,0,0,0,31.88,95,65,80
8/12/2022,2022,Fall,Aug,10,0,0,0,31.87,96,63,79.5
8/13/2022,2022,Fall,Aug,10,0,0,0,31.89,96,58,77
8/14/2022,2022,Fall,Aug,10,0,0,0,31.90,97,60,78.5
8/15/2022,2022,Fall,Aug,10,0,0,0,29.23,98,60,79
8/16/2022,2022,Fall,Aug,10,0,0,0,31.94,98,63,80.5
8/17/2022,2022,Fall,Aug,11,0,0,0,31.95,94,64,79
8/18/2022,2022,Fall,Aug,11,0,0,0,32.14,86,61,73.5
8/19/2022,2022,Fall,Aug,11,0,0,0,29.44,92,59,75.5
8/20/2022,2022,Fall,Aug,11,0,0,0,32.09,97,63,80
8/21/2022,2022,Fall,Aug,11,0,0,0,32.09,99,64,81.5
8/22/2022,2022,Fall,Aug,11,0,0,0,32.10,98,61,79.5
8/23/2022,2022,Fall,Aug,11,0,0,0,32.11,98,57,77.5
8/24/2022,2022,Fall,Aug,12,0,0,0,21.44,99,65,82
8/25/2022,2022,Fall,Aug,12,0,0,0,28.08,98,60,79
8/26/2022,2022,Fall,Aug,12,0,0,0,32.12,96,60,78
8/27/2022,2022,Fall,Aug,12,0,0,0,26.80,94,58,76
8/28/2022,2022,Fall,Aug,12,0,0,0,29.45,95,57,76
8/29/2022,2022,Fall,Aug,12,0,0,0,32.12,96,60,78
8/30/2022,2022,Fall,Aug,12,0,0,0,32.13,99,66,82.5
8/31/2022,2022,Fall,Aug,13,0,0,0,32.12,100,64,82
9/1/2022,2022,Fall,Sep,13,0,0,0,32.13,100,63,81.5
9/2/2022,2022,Fall,Sep,13,0,0,0,32.11,102,65,83.5
9/3/2022,2022,Fall,Sep,13,0,0,0,24.12,100,67,83.5
9/4/2022,2022,Fall,Sep,13,0,0,0,32.11,104,63,83.5
9/5/2022,2022,Fall,Sep,13,0,0,0,32.12,102,65,83.5
9/6/2022,2022,Fall,Sep,13,0,0,0,32.11,106,66,86
9/7/2022,2022,Fall,Sep,14,0,0,0,32.15,104,69,86.5
9/8/2022,2022,Fall,Sep,14,0,0,0,32.19,101,66,83.5
9/9/2022,2022,Fall,Sep,14,0,0,0,32.23,90,63,76.5
9/10/2022,2022,Fall,Sep,14,0,0,0,32.24,90,57,73.5
9/11/2022,2022,Fall,Sep,14,0,0,0,32.22,92,62,77
9/12/2022,2022,Fall,Sep,14,0,0,0,32.27,84,63,73.5
9/13/2022,2022,Fall,Sep,14,0,0,0,32.26,84,61,72.5
9/14/2022,2022,Fall,Sep,15,0,0,0,32.29,81,52,66.5
9/15/2022,2022,Fall,Sep,15,0,0,0,32.29,79,53,66
9/16/2022,2022,Fall,Sep,15,0,0,0,32.28,81,50,65.5
9/17/2022,2022,Fall,Sep,15,0,0,0,32.29,79,47,63
9/18/2022,2022,Fall,Sep,15,0,0,0,32.31,72,57,64.5
9/19/2022,2022,Fall,Sep,15,0,0,0,32.49,67,52,59.5
9/20/2022,2022,Fall,Sep,15,0,0,0,33.05,64,51,57.5
9/21/2022,2022,Fall,Sep,16,0,0,0,33.62,60,48,54
9/22/2022,2022,Fall,Sep,16,0,0,0,30.95,73,42,57.5
9/23/2022,2022,Fall,Sep,16,0,0,0,33.75,79,45,62
9/24/2022,2022,Fall,Sep,16,0,0,0,26.74,85,46,65.5
9/25/2022,2022,Fall,Sep,16,0,0,0,33.74,88,47,67.5
9/26/2022,2022,Fall,Sep,16,0,0,0,33.74,92,53,72.5
9/27/2022,2022,Fall,Sep,16,0,0,0,33.76,91,55,73
9/28/2022,2022,Fall,Sep,17,0,0,0,32.40,85,51,68
9/29/2022,2022,Fall,Sep,17,0,0,0,32.44,85,52,68.5
9/30/2022,2022,Fall,Sep,17,0,0,0,33.88,78,47,62.5
10/1/2022,2022,Fall,Oct,17,0,0,0,1.33,78,45,61.5
10/2/2022,2022,Fall,Oct,17,0,0,0,-0.05,81,46,63.5
10/3/2022,2022,Fall,Oct,17,0,0,0,-0.05,83,47,65
10/4/2022,2022,Fall,Oct,17,0,0,0,-0.05,83,46,64.5
10/5/2022,2022,Fall,Oct,18,0,0,0,-0.03,84,47,65.5
10/6/2022,2022,Fall,Oct,18,0,0,0,-0.04,86,46,66
10/7/2022,2022,Fall,Oct,18,0,0,0,-0.04,86,46,66
10/8/2022,2022,Fall,Oct,18,0,0,0,-0.03,85,45,65
10/9/2022,2022,Fall,Oct,18,0,0,0,-0.03,83,47,65
10/10/2022,2022,Fall,Oct,18,0,0,0,0.00,84,52,68
10/11/2022,2022,Fall,Oct,18,0,0,0,0.00,82,47,64.5
12/21/2022,2023,Winter,Dec,27,9.4,8.9,0,9.05,54,26,40
12/22/2022,2023,Winter,Dec,27,9.4,0,0,8.28,45,29,37
12/23/2022,2023,Winter,Dec,27,9.4,0,0,9.50,56,30,43
12/24/2022,2023,Winter,Dec,27,9.4,0,0,9.07,55,26,40.5
12/25/2022,2023,Winter,Dec,27,9.4,0,0,7.13,56,29,42.5
12/26/2022,2023,Winter,Dec,27,9.4,0,0,9.50,59,35,47
12/27/2022,2023,Winter,Dec,27,10.1,0,0.7,9.92,53,39,46
12/28/2022,2023,Winter,Dec,28,11.3,0,1.2,10.44,47,29,38
12/29/2022,2023,Winter,Dec,28,11.4,0,0.1,10.62,45,31,38
12/30/2022,2023,Winter,Dec,28,11.4,0,0,11.37,60,38,49
12/31/2022,2023,Winter,Dec,28,12.8,0,1.4,14.35,48,33,40.5
1/1/2023,2023,Winter,Jan,28,16.9,0,4.1,16.80,36,21,28.5
1/2/2023,2023,Winter,Jan,28,16.9,0,0,16.07,28,15,21.5
1/3/2023,2023,Winter,Jan,28,17.1,0,0.2,16.40,34,14,24
1/4/2023,2023,Winter,Jan,29,17.1,0,0,17.30,38,17,27.5
1/5/2023,2023,Winter,Jan,29,17.7,0,0.6,17.23,44,33,38.5
1/6/2023,2023,Winter,Jan,29,18,0,0.3,13.60,43,25,34
1/7/2023,2023,Winter,Jan,29,18,0,0,17.44,45,25,35
1/8/2023,2023,Winter,Jan,29,18.1,0,0.1,17.44,47,34,40.5
1/9/2023,2023,Winter,Jan,29,18.8,0,0.7,17.48,46,32,39
1/10/2023,2023,Winter,Jan,29,20.1,0,1.3,16.03,42,30,36
1/11/2023,2023,Winter,Jan,30,21.7,0,1.6,17.73,41,30,35.5
1/12/2023,2023,Winter,Jan,30,21.8,0,0.1,17.79,50,33,41.5
1/13/2023,2023,Winter,Jan,30,21.9,0,0.1,18.07,56,31,43.5
1/14/2023,2023,Winter,Jan,30,22.7,0,0.8,17.91,45,35,40
1/15/2023,2023,Winter,Jan,30,23.9,0,1.2,17.90,43,30,36.5
1/16/2023,2023,Winter,Jan,30,24.1,0,0.2,17.38,36,30,33
1/17/2023,2023,Winter,Jan,30,25.3,0,1.2,17.45,36,19,27.5
1/18/2023,2023,Winter,Jan,31,25.3,0,0,16.68,39,15,27
1/19/2023,2023,Winter,Jan,31,25.8,0,0.5,17.52,35,17,26
1/20/2023,2023,Winter,Jan,31,25.7,0.1,0,18.23,36,12,24
1/21/2023,2023,Winter,Jan,31,25.6,0.1,0,17.96,38,13,25.5
1/22/2023,2023,Winter,Jan,31,25.5,0.1,0,17.23,36,20,28
1/23/2023,2023,Winter,Jan,31,25.4,0.1,0,18.23,37,21,29
1/24/2023,2023,Winter,Jan,31,25.4,0,0,18.28,43,17,30
1/25/2023,2023,Winter,Jan,32,25.5,0,0.1,19.10,45,20,32.5
1/26/2023,2023,Winter,Jan,32,25.6,0,0.1,18.36,48,23,35.5
1/27/2023,2023,Winter,Jan,32,25.7,0,0.1,18.15,50,22,36
1/28/2023,2023,Winter,Jan,32,25.7,0,0,18.19,48,23,35.5
1/29/2023,2023,Winter,Jan,32,25.7,0,0,17.71,32,13,22.5
1/30/2023,2023,Winter,Jan,32,26.1,0,0.4,18.46,27,4,15.5
1/31/2023,2023,Winter,Jan,32,26,0.1,0,18.49,31,4,17.5
2/1/2023,2023,Winter,Feb,33,26.1,0,0.1,17.75,41,11,26
2/2/2023,2023,Winter,Feb,33,26,0.1,0,13.80,47,17,32
2/3/2023,2023,Winter,Feb,33,25.9,0.1,0,19.41,52,25,38.5
2/4/2023,2023,Winter,Feb,33,27.1,10.8,0,0.80,54,27,40.5
2/5/2023,2023,Winter,Feb,33,27.1,0,0,12.73,42,30,36
2/6/2023,2023,Winter,Feb,33,27.1,0,0,15.51,46,28,37
2/7/2023,2023,Winter,Feb,33,27.2,0,12.1,18.86,49,24,36.5
2/8/2023,2023,Winter,Feb,34,27.1,0.1,0,14.46,58,26,42
2/9/2023,2023,Winter,Feb,34,27.1,0,0,19.15,54,26,40
2/10/2023,2023,Winter,Feb,34,27,0.1,0,19.80,63,24,43.5
2/11/2023,2023,Winter,Feb,34,27,0,0,19.80,49,31,40
2/12/2023,2023,Winter,Feb,34,27.2,0,0.2,18.98,52,28,40
2/13/2023,2023,Winter,Feb,34,27.1,0.1,0,20.14,63,25,44
2/14/2023,2023,Winter,Feb,34,27,0.1,0,18.49,36,24,30
2/15/2023,2023,Winter,Feb,35,27,0,0,17.65,41,22,31.5
2/16/2023,2023,Winter,Feb,35,26.9,0.1,0,19.77,44,19,31.5
2/17/2023,2023,Winter,Feb,35,27,0,0.1,19.82,48,24,36
2/18/2023,2023,Winter,Feb,35,26.9,0.1,0,18.99,50,21,35.5
2/19/2023,2023,Winter,Feb,35,26.9,0,0,18.20,54,24,39
2/20/2023,2023,Winter,Feb,35,26.9,0,0,19.23,62,28,45
2/21/2023,2023,Winter,Feb,35,27,0,0.1,18.93,54,27,40.5
2/22/2023,2023,Winter,Feb,36,27.2,0,0.2,19.43,35,22,28.5
2/23/2023,2023,Winter,Feb,36,27.5,0,0.3,19.43,32,20,26
2/24/2023,2023,Winter,Feb,36,28.2,0,0.7,19.82,31,25,28
2/25/2023,2023,Winter,Feb,36,29.6,0,1.4,17.88,41,31,36
2/26/2023,2023,Winter,Feb,36,30,0,0.4,21.08,46,31,38.5
2/27/2023,2023,Winter,Feb,36,30.7,0,0.7,20.31,40,26,33
2/28/2023,2023,Winter,Feb,36,31.7,0,1,21.27,37,22,29.5
3/1/2023,2023,Winter,Mar,37,33.6,0,1.9,20.50,35,19,27
3/2/2023,2023,Winter,Mar,37,33.6,0,0,21.14,43,15,29
3/3/2023,2023,Winter,Mar,37,33.6,0,0,18.58,51,28,39.5
3/4/2023,2023,Winter,Mar,37,33.6,0,0,12.08,45,26,35.5
3/5/2023,2023,Winter,Mar,37,34.6,0,1,15.42,36,23,29.5
3/6/2023,2023,Winter,Mar,37,35.5,0,0.9,21.32,39,15,27
3/7/2023,2023,Winter,Mar,37,35.8,0,0.3,22.08,43,23,33
3/8/2023,2023,Winter,Mar,38,35.9,0,0.1,22.20,41,28,34.5
3/9/2023,2023,Winter,Mar,38,36.1,0,0.2,21.47,53,20,36.5
3/10/2023,2023,Spring,Mar,19,37.8,0,32.6,23.63,53,37,45
3/11/2023,2023,Spring,Mar,19,38.6,0,0.8,13.88,46,33,39.5
3/12/2023,2023,Spring,Mar,19,40.5,0,1.9,5.63,53,35,44
3/13/2023,2023,Spring,Mar,19,40.8,0,0.3,3.13,58,40,49
3/14/2023,2023,Spring,Mar,19,41.2,0,0.4,4.44,61,42,51.5
3/15/2023,2023,Spring,Mar,19,41.8,0,0.6,8.01,52,34,43
3/16/2023,2023,Spring,Mar,19,41.8,0,0,4.32,50,30,40
3/17/2023,2023,Spring,Mar,20,41.9,0,0.1,3.84,54,27,40.5
3/18/2023,2023,Spring,Mar,20,41.8,0.1,0,5.85,60,29,44.5
3/19/2023,2023,Spring,Mar,20,41.8,0,0,8.55,48,40,44
3/20/2023,2023,Spring,Mar,20,42.4,0,0.6,5.22,54,35,44.5
3/21/2023,2023,Spring,Mar,20,42.4,0,0,7.07,39,30,34.5
3/22/2023,2023,Spring,Mar,20,42.7,0,0.3,10.08,51,30,40.5
3/23/2023,2023,Spring,Mar,20,42.8,0,0.1,11.96,50,32,41
3/24/2023,2023,Spring,Mar,21,42.9,0,0.1,10.80,46,30,38
3/25/2023,2023,Spring,Mar,21,42.9,0,0,15.03,46,28,37
3/26/2023,2023,Spring,Mar,21,43.3,0,0.4,16.03,43,26,34.5
3/27/2023,2023,Spring,Mar,21,43.4,0,0.1,13.03,54,22,38
3/28/2023,2023,Spring,Mar,21,43.4,0,0,12.95,55,34,44.5
3/29/2023,2023,Spring,Mar,21,44.4,0,1,19.19,45,29,37
3/30/2023,2023,Spring,Mar,21,44.6,0,0.2,21.43,52,29,40.5
3/31/2023,2023,Spring,Mar,22,44.6,0,0,22.86,57,28,42.5
4/1/2023,2023,Spring,Apr,22,44.6,0,0,24.79,58,33,45.5
4/2/2023,2023,Spring,Apr,22,44.7,0,0.1,26.93,57,33,45
4/3/2023,2023,Spring,Apr,22,45,0,0.3,27.10,39,24,31.5
4/4/2023,2023,Spring,Apr,22,45.2,0,0.2,26.71,43,25,34
4/5/2023,2023,Spring,Apr,22,45.2,0,0,26.40,52,27,39.5
4/6/2023,2023,Spring,Apr,22,45.2,0,0,26.83,65,31,48
4/7/2023,2023,Spring,Apr,23,45.2,0,0,27.26,55,43,49
4/8/2023,2023,Spring,Apr,23,45.4,0,0.2,26.46,67,38,52.5
4/9/2023,2023,Spring,Apr,23,45.4,0,0,26.90,77,39,58
4/10/2023,2023,Spring,Apr,23,45.2,0.2,0,29.23,79,44,61.5
4/11/2023,2023,Spring,Apr,23,45.1,0.1,0,25.17,70,49,59.5
4/12/2023,2023,Spring,Apr,23,44.8,0.3,0,13.30,67,37,52
4/13/2023,2023,Spring,Apr,24,44.9,0,0.1,12.07,54,32,43
4/14/2023,2023,Spring,Apr,24,44.9,0,0,13.58,64,30,47
4/15/2023,2023,Spring,Apr,24,44.7,0.2,0,17.77,72,34,53
4/16/2023,2023,Spring,Apr,24,44.2,0.5,0,17.48,70,42,56
4/17/2023,2023,Spring,Apr,24,44,0.2,0,14.43,60,37,48.5
4/18/2023,2023,Spring,Apr,24,43.9,0.1,0,10.08,47,30,38.5
4/19/2023,2023,Spring,Apr,24,44.2,0,0.3,11.22,55,27,41
4/20/2023,2023,Spring,Apr,25,44.5,0,0.3,7.19,66,33,49.5
4/21/2023,2023,Spring,Apr,25,44.3,0.2,0,10.37,69,44,56.5
4/22/2023,2023,Spring,Apr,25,44,0.3,0,11.41,70,43,56.5
4/23/2023,2023,Spring,Apr,25,43.4,0.6,0,13.07,72,45,58.5
4/24/2023,2023,Spring,Apr,25,42.8,0.6,0,14.10,72,43,57.5
4/25/2023,2023,Spring,Apr,25,42.5,0.3,0,11.93,69,40,54.5
4/26/2023,2023,Spring,Apr,25,41.8,0.7,0,19.49,76,41,58.5
4/27/2023,2023,Spring,Apr,26,41.4,0.4,0,34.24,83,45,64
4/28/2023,2023,Spring,Apr,26,40.5,0.9,0,42.96,86,47,66.5
4/29/2023,2023,Spring,Apr,26,39.6,0.9,0,43.00,86,52,69
4/30/2023,2023,Spring,Apr,26,37.1,2.5,0,42.99,80,49,64.5
5/1/2023,2023,Spring,May,26,35.5,1.6,0,42.97,70,39,54.5
5/2/2023,2023,Spring,May,26,34.9,0.6,0,41.71,49,34,41.5
5/3/2023,2023,Spring,May,26,35.5,0,0.6,44.08,62,33,47.5
5/4/2023,2023,Spring,May,27,35.7,0,0.2,44.18,61,41,51
5/5/2023,2023,Spring,May,27,36.2,0,0.5,44.39,57,44,50.5
5/6/2023,2023,Spring,May,27,36.4,0,0.2,44.49,58,43,50.5
5/7/2023,2023,Spring,May,27,36.5,0,0.1,44.60,61,37,49
5/8/2023,2023,Spring,May,27,36.3,0.2,0,29.73,62,39,50.5
5/9/2023,2023,Spring,May,27,36.2,0.1,0,44.60,64,36,50
5/10/2023,2023,Spring,May,28,35.8,0.4,0,40.90,67,41,54
8/10/2023,2023,Fall,Aug,19,0.1,0,0.1,43.15,94,56,75
8/11/2023,2023,Fall,Aug,19,0.2,0,0.1,47.06,94,61,77.5
8/12/2023,2023,Fall,Aug,19,0.1,0.1,0,47.04,97,65,81
8/13/2023,2023,Fall,Aug,19,0.1,0,0,47.05,97,66,81.5
8/14/2023,2023,Fall,Aug,19,0.1,0,0,47.16,89,63,76
8/15/2023,2023,Fall,Aug,19,0.2,0,0.1,45.29,94,60,77
8/16/2023,2023,Fall,Aug,19,0.2,0,0,47.27,98,64,81
8/17/2023,2023,Fall,Aug,20,0.3,0,0.1,47.27,94,67,80.5
8/18/2023,2023,Fall,Aug,20,0.3,0,0,47.34,91,64,77.5
8/19/2023,2023,Fall,Aug,20,0.4,0,0.1,41.50,94,63,78.5
8/20/2023,2023,Fall,Aug,20,0.4,0,0,47.65,71,61,66
8/21/2023,2023,Fall,Aug,20,0.4,0,0,48.11,77,60,68.5
8/22/2023,2023,Fall,Aug,20,0.5,0,0.1,48.36,80,57,68.5
8/23/2023,2023,Fall,Aug,20,0.4,0.1,0,48.34,85,56,70.5
8/24/2023,2023,Fall,Aug,21,0.4,0,0,36.26,92,59,75.5
8/25/2023,2023,Fall,Aug,21,0.4,0,0,48.32,92,63,77.5
8/26/2023,2023,Fall,Aug,21,0.4,0,0,48.29,92,61,76.5
8/27/2023,2023,Fall,Aug,21,0.3,0.1,0,48.28,94,59,76.5
8/28/2023,2023,Fall,Aug,21,0.3,0,0,48.25,97,60,78.5
8/29/2023,2023,Fall,Aug,21,0.3,0,0,48.28,91,58,74.5
8/30/2023,2023,Fall,Aug,21,0.4,0,0.1,48.30,90,55,72.5
8/31/2023,2023,Fall,Aug,22,0.4,0,0,28.24,89,55,72
9/1/2023,2023,Fall,Sep,22,0.4,0,0,48.45,76,55,65.5
9/2/2023,2023,Fall,Sep,22,0.5,0,0.1,48.70,66,55,60.5
9/3/2023,2023,Fall,Sep,22,0.5,0,0,48.89,65,52,58.5
9/4/2023,2023,Fall,Sep,22,0.5,0,0,49.08,75,47,61
9/5/2023,2023,Fall,Sep,22,0.4,0.1,0,49.06,83,54,68.5
9/6/2023,2023,Fall,Sep,22,0,0.4,0,49.07,85,56,70.5
9/7/2023,2023,Fall,Sep,23,0,0,0,49.05,88,56,72
9/8/2023,2023,Fall,Sep,23,0,0,0,49.05,88,53,70.5
9/9/2023,2023,Fall,Sep,23,0,0,0,49.04,90,54,72
9/10/2023,2023,Fall,Sep,23,0,0,0,49.05,89,56,72.5
9/11/2023,2023,Fall,Sep,23,0,0,0,44.97,89,57,73
9/12/2023,2023,Fall,Sep,23,0,0,0,49.08,87,55,71
9/13/2023,2023,Fall,Sep,23,0,0,0,49.08,85,57,71
9/14/2023,2023,Fall,Sep,24,0,0,0,49.06,85,56,70.5
9/15/2023,2023,Fall,Sep,24,0,0,0,49.05,87,50,68.5
9/16/2023,2023,Fall,Sep,24,0,0,0,47.05,88,57,72.5
9/17/2023,2023,Fall,Sep,24,0,0,0,24.60,89,55,72
9/18/2023,2023,Fall,Sep,24,0,0,0,34.92,86,57,71.5
9/19/2023,2023,Fall,Sep,24,0.1,0,0.1,49.28,85,53,69
9/20/2023,2023,Fall,Sep,24,0,0.1,0,47.24,83,53,68
9/21/2023,2023,Fall,Sep,25,0,0,0,49.38,64,46,55
9/22/2023,2023,Fall,Sep,25,0.1,0,0.1,32.93,71,41,56
9/23/2023,2023,Fall,Sep,25,0,0.1,0,8.23,79,44,61.5
9/24/2023,2023,Fall,Sep,25,0,0,0,49.32,83,44,63.5
9/25/2023,2023,Fall,Sep,25,0,0,0,49.33,79,45,62
9/26/2023,2023,Fall,Sep,25,0,0,0,43.13,81,54,67.5
9/27/2023,2023,Fall,Sep,25,0,0,0,49.31,82,46,64
9/28/2023,2023,Fall,Sep,26,0.1,0,0.1,49.32,78,47,62.5
9/29/2023,2023,Fall,Sep,26,0,0.1,0,49.34,77,46,61.5
9/30/2023,2023,Fall,Sep,26,0,0,0,49.42,62,48,55
10/1/2023,2023,Fall,Oct,26,0.3,0,0.3,2.16,55,47,51
10/2/2023,2023,Fall,Oct,26,0.2,0.1,0,0.17,65,47,56
10/3/2023,2023,Fall,Oct,26,0.1,0.1,0,0.17,70,47,58.5
10/4/2023,2023,Fall,Oct,26,0.1,0,0,0.12,73,45,59
10/5/2023,2023,Fall,Oct,27,0.1,0,0,0.10,78,45,61.5
10/6/2023,2023,Fall,Oct,27,0.1,0,0,0.10,82,46,64
10/7/2023,2023,Fall,Oct,27,0,0.1,0,0.10,86,48,67
10/8/2023,2023,Fall,Oct,27,0,0,0,0.10,88,48,68
10/9/2023,2023,Fall,Oct,27,0,0,0,0.12,77,52,64.5
10/10/2023,2023,Fall,Oct,27,0.1,0,0.1,0.15,73,44,58.5
10/11/2023,2023,Fall,Oct,27,0.1,0,0,0.32,61,43,52
12/21/2023,2024,Winter,Dec,40,4.4,38,0,6.00,53,34,43.5
12/22/2023,2024,Winter,Dec,40,4.4,0,0,6.00,54,28,41
12/23/2023,2024,Winter,Dec,40,4.4,0,0,5.96,43,29,36
12/24/2023,2024,Winter,Dec,40,4.4,0,0,5.98,44,24,34
12/25/2023,2024,Winter,Dec,40,4.3,0.1,0,6.01,51,35,43
12/26/2023,2024,Winter,Dec,40,4.3,0,0,6.00,53,34,43.5
12/27/2023,2024,Winter,Dec,40,4.3,0,0,6.00,64,35,49.5
12/28/2023,2024,Winter,Dec,41,4.3,0,0,6.03,55,34,44.5
12/29/2023,2024,Winter,Dec,41,4.2,0.1,0,6.03,61,33,47
12/30/2023,2024,Winter,Dec,41,4.2,0,0,5.54,50,31,40.5
12/31/2023,2024,Winter,Dec,41,4.3,0,0.1,5.79,45,24,34.5
1/1/2024,2024,Winter,Jan,41,4.2,0.1,0,6.04,51,24,37.5
1/2/2024,2024,Winter,Jan,41,4.2,0,0,5.56,43,23,33
1/3/2024,2024,Winter,Jan,41,4.4,0,0.2,6.26,44,34,39
1/4/2024,2024,Winter,Jan,42,4.5,0,0.1,6.30,46,27,36.5
1/5/2024,2024,Winter,Jan,42,4.6,0,0.1,5.79,47,26,36.5
1/6/2024,2024,Winter,Jan,42,4.6,0,0,6.21,43,20,31.5
1/7/2024,2024,Winter,Jan,42,5.3,0,0.7,6.55,35,13,24
1/8/2024,2024,Winter,Jan,42,5.3,0,0,6.88,36,15,25.5
1/9/2024,2024,Winter,Jan,42,5.3,0,0,6.67,51,23,37
1/10/2024,2024,Winter,Jan,42,5.3,0,0,6.90,48,27,37.5
1/11/2024,2024,Winter,Jan,43,6.4,0,1.1,7.34,30,6,18
1/12/2024,2024,Winter,Jan,43,6.4,0,0,7.76,44,13,28.5
1/13/2024,2024,Winter,Jan,43,6.4,0,0,7.83,49,34,41.5
1/14/2024,2024,Winter,Jan,43,6.5,0,0.1,8.39,53,31,42
1/15/2024,2024,Winter,Jan,43,6.5,0,0,8.36,52,27,39.5
1/16/2024,2024,Winter,Jan,43,6.5,0,0,8.41,47,25,36
1/17/2024,2024,Winter,Jan,43,6.6,0,0.1,7.44,54,32,43
1/18/2024,2024,Winter,Jan,44,6.5,0.1,0,7.82,52,31,41.5
1/19/2024,2024,Winter,Jan,44,6.5,0,0,8.53,53,36,44.5
1/20/2024,2024,Winter,Jan,44,6.6,0,0.1,8.55,53,34,43.5
1/21/2024,2024,Winter,Jan,44,6.6,0,0,8.63,56,36,46
1/22/2024,2024,Winter,Jan,44,6.7,0,0.1,8.78,48,42,45
1/23/2024,2024,Winter,Jan,44,6.9,0,0.2,8.93,52,32,42
1/24/2024,2024,Winter,Jan,44,6.9,0,0,8.20,54,37,45.5
1/25/2024,2024,Winter,Jan,45,7,0,0.1,8.96,53,34,43.5
1/26/2024,2024,Winter,Jan,45,6.9,0.1,0,8.98,50,32,41
1/27/2024,2024,Winter,Jan,45,6.9,0,0,9.00,60,37,48.5
1/28/2024,2024,Winter,Jan,45,6.9,0,0,8.95,69,41,55
1/29/2024,2024,Winter,Jan,45,6.9,0,0,8.91,68,32,50
1/30/2024,2024,Winter,Jan,45,6.8,0.1,0,7.05,66,35,50.5
1/31/2024,2024,Winter,Jan,45,6.8,0,0,8.93,62,46,54
2/1/2024,2024,Winter,Feb,46,6.9,0,0.1,9.19,51,32,41.5
2/2/2024,2024,Winter,Feb,46,7.1,0,0.2,9.30,48,29,38.5
2/3/2024,2024,Winter,Feb,46,7.4,0,0.3,9.49,46,23,34.5
2/4/2024,2024,Winter,Feb,46,7.5,0,0.1,9.43,39,30,34.5
2/5/2024,2024,Winter,Feb,46,8.7,0,1.2,10.18,47,35,41
2/6/2024,2024,Winter,Feb,46,8.9,0,0.2,10.23,44,32,38
2/7/2024,2024,Winter,Feb,46,8.9,0,0,10.27,45,28,36.5
2/8/2024,2024,Winter,Feb,47,9,0,0.1,10.39,42,27,34.5
2/9/2024,2024,Winter,Feb,47,9,0,0,10.87,45,27,36
2/10/2024,2024,Winter,Feb,47,9,0,0,4.50,43,22,32.5
2/11/2024,2024,Winter,Feb,47,9.1,0,0.1,8.19,49,22,35.5
2/12/2024,2024,Winter,Feb,47,9.2,0,0.1,10.88,54,24,39
2/13/2024,2024,Winter,Feb,47,9.2,0,0,10.89,51,27,39
2/14/2024,2024,Winter,Feb,47,9.3,0,0.1,10.51,54,30,42
2/15/2024,2024,Winter,Feb,48,10,0,0.7,11.72,53,34,43.5
2/16/2024,2024,Winter,Feb,48,10.1,0,0.1,11.75,51,35,43
2/17/2024,2024,Winter,Feb,48,10,0.1,0,11.78,50,36,43
2/18/2024,2024,Winter,Feb,48,10.4,0,0.4,12.14,61,36,48.5
2/19/2024,2024,Winter,Feb,48,10.9,0,0.5,10.86,54,38,46
2/20/2024,2024,Winter,Feb,48,11.7,0,0.8,13.56,56,34,45
2/21/2024,2024,Winter,Feb,48,11.9,0,0.2,13.13,53,36,44.5
2/22/2024,2024,Winter,Feb,49,11.9,0,0,13.10,56,27,41.5
2/23/2024,2024,Winter,Feb,49,11.9,0,0,13.68,56,28,42
2/24/2024,2024,Winter,Feb,49,11.9,0,0,13.69,62,29,45.5
2/25/2024,2024,Winter,Feb,49,11.9,0,0,13.73,64,30,47
2/26/2024,2024,Winter,Feb,49,11.9,0,0,12.02,56,40,48
2/27/2024,2024,Winter,Feb,49,11.9,0,0,12.05,53,30,41.5
2/28/2024,2024,Winter,Feb,49,11.9,0,0,13.78,63,27,45
2/29/2024,2024,Winter,Feb,50,11.8,0.1,0,13.94,57,40,48.5
3/1/2024,2024,Winter,Mar,50,13.2,0,1.4,15.53,42,34,38
3/2/2024,2024,Winter,Mar,50,16.5,0,3.3,17.68,35,26,30.5
3/3/2024,2024,Winter,Mar,50,18.9,0,2.4,18.44,38,27,32.5
3/4/2024,2024,Winter,Mar,50,19.8,0,0.9,20.65,42,26,34
3/5/2024,2024,Winter,Mar,50,19.9,0,0.1,18.12,55,31,43
3/6/2024,2024,Winter,Mar,50,19.8,0.1,0,20.75,54,34,44
3/7/2024,2024,Winter,Mar,51,19.8,0,0,20.76,46,29,37.5
3/8/2024,2024,Winter,Mar,51,19.8,0,0,20.75,53,26,39.5
3/9/2024,2024,Winter,Mar,51,19.8,0,0,20.78,57,28,42.5
3/10/2024,2024,Spring,Mar,28,19.8,16,0,17.18,60,34,47
3/11/2024,2024,Spring,Mar,28,19.9,0,0.1,20.80,58,39,48.5
3/12/2024,2024,Spring,Mar,28,19.8,0.1,0,19.97,54,40,47
3/13/2024,2024,Spring,Mar,28,19.9,0,0.1,20.00,51,36,43.5
3/14/2024,2024,Spring,Mar,28,19.8,0.1,0,20.87,52,28,40
3/15/2024,2024,Spring,Mar,28,19.9,0,0.1,20.05,57,31,44
3/16/2024,2024,Spring,Mar,29,19.8,0.1,0,20.06,63,31,47
3/17/2024,2024,Spring,Mar,29,19.7,0.1,0,20.05,65,31,48
3/18/2024,2024,Spring,Mar,29,19.6,0.1,0,20.93,69,34,51.5
3/19/2024,2024,Spring,Mar,29,19.5,0.1,0,20.05,73,38,55.5
3/20/2024,2024,Spring,Mar,29,19.3,0.2,0,20.05,70,39,54.5
3/21/2024,2024,Spring,Mar,29,19,0.3,0,20.04,69,42,55.5
3/22/2024,2024,Spring,Mar,29,18.6,0.4,0,17.45,67,43,55
3/23/2024,2024,Spring,Mar,30,19.1,0,0.5,20.71,52,36,44
3/24/2024,2024,Spring,Mar,30,19,0.1,0,16.35,50,35,42.5
3/25/2024,2024,Spring,Mar,30,19,0,0,20.99,56,29,42.5
3/26/2024,2024,Spring,Mar,30,18.9,0.1,0,21.02,60,36,48
3/27/2024,2024,Spring,Mar,30,18.8,0.1,0,21.04,61,35,48
3/28/2024,2024,Spring,Mar,30,19.2,0,0.4,21.52,52,35,43.5
3/29/2024,2024,Spring,Mar,30,19.4,0,0.2,22.53,49,33,41
3/30/2024,2024,Spring,Mar,31,19.9,0,0.5,23.36,45,33,39
3/31/2024,2024,Spring,Mar,31,21.1,0,1.2,24.30,50,32,41
4/1/2024,2024,Spring,Apr,31,21.3,0,0.2,23.52,59,28,43.5
4/2/2024,2024,Spring,Apr,31,21.3,0,0,23.53,73,35,54
4/3/2024,2024,Spring,Apr,31,21.1,0.2,0,22.55,72,42,57
4/4/2024,2024,Spring,Apr,31,21.3,0,0.2,23.90,52,32,42
4/5/2024,2024,Spring,Apr,31,21.4,0,0.1,24.00,41,27,34
4/6/2024,2024,Spring,Apr,32,21.7,0,0.3,24.17,51,26,38.5
4/7/2024,2024,Spring,Apr,32,21.8,0,0.1,24.16,50,30,40
4/8/2024,2024,Spring,Apr,32,21.8,0,0,24.21,56,30,43
4/9/2024,2024,Spring,Apr,32,21.8,0,0,24.23,70,33,51.5
4/10/2024,2024,Spring,Apr,32,21.6,0.2,0,25.27,74,41,57.5
4/11/2024,2024,Spring,Apr,32,21.4,0.2,0,25.28,78,42,60
4/12/2024,2024,Spring,Apr,33,21.1,0.3,0,25.30,74,44,59
4/13/2024,2024,Spring,Apr,33,20.8,0.3,0,25.25,69,38,53.5
4/14/2024,2024,Spring,Apr,33,20.8,0,0,25.36,56,38,47
4/15/2024,2024,Spring,Apr,33,20.9,0,0.1,24.39,64,41,52.5
4/16/2024,2024,Spring,Apr,33,20.9,0,0,24.38,75,39,57
4/17/2024,2024,Spring,Apr,33,20.6,0.3,0,25.44,72,42,57
4/18/2024,2024,Spring,Apr,33,20.3,0.3,0,25.43,70,41,55.5
4/19/2024,2024,Spring,Apr,34,19.5,0.8,0,24.35,77,50,63.5
4/20/2024,2024,Spring,Apr,34,19.1,0.4,0,25.41,78,46,62
4/21/2024,2024,Spring,Apr,34,18.6,0.5,0,24.35,83,46,64.5
4/22/2024,2024,Spring,Apr,34,17.9,0.7,0,19.06,81,48,64.5
4/23/2024,2024,Spring,Apr,34,16.9,1,0,25.49,74,54,64
4/24/2024,2024,Spring,Apr,34,17,0,0.1,25.51,73,46,59.5
4/25/2024,2024,Spring,Apr,34,16.4,0.6,0,19.11,68,48,58
4/26/2024,2024,Spring,Apr,35,15.4,1,0,24.75,54,42,48
4/27/2024,2024,Spring,Apr,35,15.8,0,0.4,24.89,67,38,52.5
4/28/2024,2024,Spring,Apr,35,16.1,0,0.3,24.90,71,43,57
4/29/2024,2024,Spring,Apr,35,15.5,0.6,0,24.90,70,41,55.5
4/30/2024,2024,Spring,Apr,35,15.1,0.4,0,23.80,72,38,55
5/1/2024,2024,Spring,May,35,14.9,0.2,0,24.88,66,38,52
5/2/2024,2024,Spring,May,35,14,0.9,0,24.89,73,39,56
5/3/2024,2024,Spring,May,36,13.1,0.9,0,24.91,73,44,58.5
5/4/2024,2024,Spring,May,36,11.9,1.2,0,26.17,63,36,49.5
5/5/2024,2024,Spring,May,36,12.8,0,0.9,25.57,52,36,44
5/6/2024,2024,Spring,May,36,13,0,0.2,25.64,65,36,50.5
5/7/2024,2024,Spring,May,36,13.5,0,0.5,24.52,64,40,52
5/8/2024,2024,Spring,May,36,12.9,0.6,0,26.75,61,37,49
5/9/2024,2024,Spring,May,36,12.3,0.6,0,25.68,69,39,54
8/10/2024,2024,Fall,Aug,28,0.2,0,0.1,27.10,99,62,80.5
8/11/2024,2024,Fall,Aug,28,0.2,0,0,27.12,95,61,78
8/12/2024,2024,Fall,Aug,28,0.2,0,0,27.13,92,57,74.5
8/13/2024,2024,Fall,Aug,28,0.2,0,0,27.17,89,54,71.5
8/14/2024,2024,Fall,Aug,28,0.2,0,0,27.18,90,56,73
8/15/2024,2024,Fall,Aug,28,0.2,0,0,27.18,89,55,72
8/16/2024,2024,Fall,Aug,28,0.2,0,0,27.17,91,57,74
8/17/2024,2024,Fall,Aug,29,0.2,0,0,27.19,88,58,73
8/18/2024,2024,Fall,Aug,29,0.3,0,0.1,27.21,89,53,71
8/19/2024,2024,Fall,Aug,29,0.2,0.1,0,27.19,92,55,73.5
8/20/2024,2024,Fall,Aug,29,0.2,0,0,24.91,90,58,74
8/21/2024,2024,Fall,Aug,29,0.2,0,0,26.06,89,55,72
8/22/2024,2024,Fall,Aug,29,0.2,0,0,27.20,87,54,70.5
8/23/2024,2024,Fall,Aug,29,0.3,0,0.1,27.26,69,56,62.5
8/24/2024,2024,Fall,Aug,30,0.3,0,0,27.53,57,45,51
8/25/2024,2024,Fall,Aug,30,0.6,0,0.3,27.78,72,41,56.5
8/26/2024,2024,Fall,Aug,30,0.4,0.2,0,27.72,83,48,65.5
8/27/2024,2024,Fall,Aug,30,0.3,0.1,0,27.68,92,50,71
8/28/2024,2024,Fall,Aug,30,0.3,0,0,27.65,92,57,74.5
8/29/2024,2024,Fall,Aug,30,0.3,0,0,27.65,93,59,76
8/30/2024,2024,Fall,Aug,30,0.3,0,0,27.64,95,55,75
8/31/2024,2024,Fall,Aug,31,0.2,0.1,0,27.66,95,57,76
9/1/2024,2024,Fall,Sep,31,0.2,0,0,27.64,95,59,77
9/2/2024,2024,Fall,Sep,31,0.2,0,0,27.68,90,64,77
9/3/2024,2024,Fall,Sep,31,0.3,0,0.1,27.71,91,54,72.5
9/4/2024,2024,Fall,Sep,31,0.3,0,0,27.69,91,55,73
9/5/2024,2024,Fall,Sep,31,0.2,0.1,0,27.67,95,56,75.5
9/6/2024,2024,Fall,Sep,31,0.2,0,0,27.70,95,58,76.5
9/7/2024,2024,Fall,Sep,32,0.2,0,0,27.68,94,58,76
9/8/2024,2024,Fall,Sep,32,0.2,0,0,27.70,92,57,74.5
9/9/2024,2024,Fall,Sep,32,0.2,0,0,27.72,90,54,72
9/10/2024,2024,Fall,Sep,32,0.2,0,0,27.72,91,55,73
9/11/2024,2024,Fall,Sep,32,0.3,0,0.1,27.78,80,49,64.5
9/12/2024,2024,Fall,Sep,32,0.3,0,0,26.65,74,49,61.5
9/13/2024,2024,Fall,Sep,32,0.3,0,0,27.78,81,49,65
9/14/2024,2024,Fall,Sep,33,0.3,0,0,27.76,88,50,69
9/15/2024,2024,Fall,Sep,33,0.3,0,0,26.64,80,51,65.5
9/16/2024,2024,Fall,Sep,33,0.3,0,0,27.90,65,47,56
9/17/2024,2024,Fall,Sep,33,0.4,0,0.1,27.98,66,53,59.5
9/18/2024,2024,Fall,Sep,33,0.4,0,0,28.09,69,49,59
9/19/2024,2024,Fall,Sep,33,0.5,0,0.1,28.40,74,48,61
9/20/2024,2024,Fall,Sep,33,0.4,0.1,0,28.40,79,48,63.5
9/21/2024,2024,Fall,Sep,34,0.4,0,0,28.38,80,49,64.5
9/22/2024,2024,Fall,Sep,34,0.4,0,0,27.18,82,47,64.5
9/23/2024,2024,Fall,Sep,34,0.4,0,0,28.37,84,47,65.5
9/24/2024,2024,Fall,Sep,34,0.3,0.1,0,28.34,88,48,68
9/25/2024,2024,Fall,Sep,34,0.3,0,0,27.17,89,52,70.5
9/26/2024,2024,Fall,Sep,34,0.3,0,0,10.68,87,51,69
9/27/2024,2024,Fall,Sep,34,0.3,0,0,25.99,88,49,68.5
9/28/2024,2024,Fall,Sep,35,0.3,0,0,27.16,92,49,70.5
9/29/2024,2024,Fall,Sep,35,0.3,0,0,28.37,88,50,69
9/30/2024,2024,Fall,Sep,35,0.3,0,0,28.40,81,49,65
10/1/2024,2024,Fall,Oct,35,0.3,0,0,1.06,91,47,69
10/2/2024,2024,Fall,Oct,35,0.3,0,0,-0.13,92,51,71.5
10/3/2024,2024,Fall,Oct,35,0.3,0,0,-0.12,91,49,70
10/4/2024,2024,Fall,Oct,35,0.3,0,0,-0.09,86,54,70
10/5/2024,2024,Fall,Oct,36,0.3,0,0,-0.09,88,52,70
10/6/2024,2024,Fall,Oct,36,0.3,0,0,-0.09,85,53,69
10/7/2024,2024,Fall,Oct,36,0.3,0,0,-0.08,85,52,68.5
10/8/2024,2024,Fall,Oct,36,0.3,0,0,-0.08,87,50,68.5
10/9/2024,2024,Fall,Oct,36,0.3,0,0,-0.08,86,48,67
10/10/2024,2024,Fall,Oct,36,0.3,0,0,-0.08,83,48,65.5
10/11/2024,2024,Fall,Oct,36,0.3,0,0,0.00,84,45,64.5